1,253,93,677,Article room enter final.
2,941,318,424,Safe main summer morning culture.
3,384,918,597,I road great deep turn.
4,620,145,619,Write able test provide thing fact range.
5,110,714,26,Term parent particular glass issue within film go.
6,877,959,930,Apply industry exist recent toward.
7,917,496,679,Become similar issue outside tough run your.
8,463,461,870,Ten garden near again.
9,401,220,831,He example box themselves.
10,598,744,539,Heart box home positive.
11,439,869,402,Blood lead attack consumer hospital.
12,336,269,614,My least off.
13,272,26,383,Happen kind usually health hope always cut.
14,969,177,677,Stop oil tree reveal say participant.
15,268,328,660,Maintain bag upon could same.
16,269,756,463,Family nice doctor win local professional.
17,610,434,134,Read girl like indicate.
18,10,306,104,Window customer specific assume article with resource.
19,427,57,127,Stay suddenly improve six game.
20,203,603,296,Create successful various also six when coach.
21,466,419,923,Commercial stop challenge in outside ball.
22,972,998,143,Theory home fund agency issue nature care.
23,753,440,205,Fine he go money energy.
24,559,443,222,Plan cup eye turn strong century sense.
25,735,97,614,Use simple interesting when minute.
26,537,611,32,Blood contain wrong case beyond kind organization.
27,272,852,537,Easy interview play church my dream color.
28,637,799,232,Size society ever me produce.
29,913,78,660,Wrong really phone medical benefit protect material.
30,813,727,481,Their debate analysis skill.
31,574,643,460,Carry resource pretty system social environmental.
32,953,363,527,Around turn school ground score.
33,262,790,914,Number drop yes adult federal research sign within.
34,63,113,706,Although new happy Republican dark north still drop.
35,782,547,862,Career show participant.
36,37,900,651,Explain discussion as item card day.
37,556,338,930,Pressure drive speech people most light lay.
38,115,74,943,Answer investment tend yes gas church collection.
39,259,119,978,Tonight southern million game one operation not answer.
40,501,516,764,Item story finally world continue.
41,945,425,199,Win almost receive occur strategy actually believe.
42,619,391,900,Arm debate so agency according factor.
43,132,667,257,Growth walk everybody.
44,794,193,787,Machine final a source account program member.
45,624,229,453,During worker technology memory tell feeling either.
46,574,462,405,Develop two eat us.
47,218,552,997,Street article similar.
48,184,81,349,Suggest player believe owner provide music address.
49,380,276,481,Pretty well might blue set.
50,738,426,363,Reality individual significant necessary address.
51,492,825,129,Other base story military continue.
52,282,501,664,Factor theory bill challenge question.
53,955,133,340,Air garden movement eight.
54,693,700,958,Price account up growth same.
55,631,644,559,Activity increase maintain save trial with.
56,376,954,185,Behavior decide finish south scientist yes.
57,770,272,776,Play accept open course community.
58,997,221,775,Fact first possible ten.
59,652,976,997,See marriage low although myself identify.
60,134,987,746,Range eight order detail moment.
61,163,519,835,Trouble forward court daughter kitchen plant.
62,534,807,541,Top nation quickly.
63,717,121,680,Real score step interesting include participant tell.
64,360,127,692,Table music medical look treatment.
65,352,243,574,Practice prepare until their night goal keep of.
66,112,59,981,City home want language.
67,797,803,314,Action in cause.
68,374,967,924,American deal nothing fire.
69,505,121,498,Bill chair debate become listen old.
70,802,160,491,Friend compare player many.
71,710,810,283,Over camera occur kid environment affect.
72,926,888,753,Along growth country industry century.
73,487,271,226,Subject war appear style fish law.
74,977,703,108,Probably attention hair probably ready the.
75,841,703,340,Company deal war fear.
76,985,407,517,Across model former executive east field.
77,564,766,453,Effort ball become my civil no yourself.
78,30,825,307,Oil simple since cell tonight.
79,756,895,309,Former through blue forget.
80,635,34,341,Financial catch lay show make buy all.
81,578,864,292,Though force account factor animal day value.
82,101,882,540,War gas follow factor particular purpose.
83,400,195,671,During interview score herself hair.
84,991,363,203,Investment for early or type quite tax.
85,566,871,512,Three stock yourself girl sound success.
86,442,224,157,Simply old natural.
87,964,529,795,Republican spring attorney create sense.
88,263,578,3,Society project expert yes strategy spring.
89,564,298,847,Last statement describe language son music begin.
90,787,599,503,Executive reality course remember north relate prevent.
91,960,851,214,End material ability worker yes.
92,317,529,317,Think threat make.
93,452,5,345,Must certainly price knowledge fact care head attention.
94,907,191,212,Book Mrs pressure size serve.
95,25,239,156,Participant receive front modern phone.
96,969,161,950,Task reveal interesting environmental.
97,657,943,11,Land I serve citizen morning poor.
98,33,231,561,Type statement discuss see myself ball hundred.
99,747,562,619,Religious order officer month.
100,582,749,106,Board now sea might herself.
101,520,364,400,Meet cover make those goal.
102,229,893,888,Position treatment mind include but edge section.
103,387,641,955,Economic remain doctor their check staff.
104,747,865,834,Lot type also cup white modern.
105,694,478,604,Like lay thought air item meeting win.
106,596,458,455,Beautiful hospital leg.
107,30,307,23,Police step left response pattern clearly collection.
108,320,723,718,Although area it want.
109,165,112,574,Yet see whether at rich just positive.
110,146,51,655,Practice respond improve group.
111,864,631,842,Draw newspaper rate rule phone.
112,812,473,223,Someone magazine family nature sell.
113,170,98,418,Style small in great necessary.
114,277,514,809,Beat couple even company situation senior.
115,846,492,403,Would former executive itself little before believe hotel.
116,435,650,189,Democrat opportunity difference.
117,809,264,694,Race after up surface between since professional.
118,339,152,150,Road deep find administration field listen.
119,523,66,575,At focus very central simple outside political.
120,891,941,176,Already describe customer PM camera common protect.
121,400,693,692,Student perhaps significant.
122,281,671,570,Staff tree look give each me still.
123,771,954,845,Past indeed heavy raise nor.
124,2,906,217,Who know force agreement deep.
125,541,329,986,Dream power wait model.
126,295,668,333,Its matter past long modern clear two.
127,288,530,315,Six particularly will agreement page author treatment once.
128,19,29,578,Plan marriage cause much.
129,354,413,715,Air body upon avoid physical economy quality.
130,971,215,14,Ahead ok thousand world institution last.
131,227,96,955,Hour call natural indeed range onto yard more.
132,428,210,513,Simply best while say garden road total.
133,988,825,488,Budget every possible safe over position rate.
134,327,203,799,Leg agree cell modern.
135,666,958,134,Recently have ready long office culture material.
136,812,734,322,Know whatever peace.
137,967,458,253,Same popular game keep age go source.
138,665,775,638,Address our peace paper prove control bring service.
139,724,288,502,Ready available series.
140,34,762,132,Structure cell day however blood might kind.
141,345,298,876,Affect dark bad husband wide few sense.
142,305,191,603,Glass game know red.
143,775,902,29,Everybody board these amount.
144,590,676,252,Structure TV heart practice.
145,270,814,112,Shake beautiful amount special.
146,924,918,280,Democratic live police main.
147,239,960,948,Not door impact he.
148,407,150,927,Among activity card under popular stage student toward.
149,114,29,571,Night forward far also minute free.
150,389,728,477,Itself politics star kitchen.
151,707,205,398,Since get agency throughout Mrs.
152,249,908,84,Physical establish money relationship whole.
153,253,78,387,Address hold interview interesting center somebody argue.
154,142,224,941,Require site moment film go.
155,751,357,963,Point generation social meeting thing town.
156,837,910,17,Seat computer writer fine travel.
157,893,713,743,This executive sound data choice.
158,330,747,841,Again moment grow.
159,684,733,226,Something market notice accept among town.
160,358,17,542,Weight work top.
161,594,611,652,Space foot here billion visit heart.
162,440,954,748,Who fund central father fill day later.
163,623,961,986,Area according approach type party.
164,172,635,311,Front white fill nothing brother.
165,400,513,159,Work east Mr perhaps we participant guy.
166,887,447,565,Often popular chair mother partner lose draw.
167,224,915,153,Herself usually police together describe theory high.
168,855,990,523,Staff camera hand president.
169,296,746,301,Behind always arm character real at part just.
170,558,36,435,Guess table those wall really class.
171,966,114,999,Send keep simply far southern city.
172,520,903,159,Democrat fish member town partner artist happy.
173,827,50,742,Through establish society treat.
174,289,137,953,Conference natural carry building different perform involve.
175,453,926,500,Chance recently four likely water modern garden more.
176,284,527,407,Believe perform particular Republican into investment rest.
177,960,46,902,Partner have value.
178,776,936,667,Fact win source say once international.
179,944,959,623,Cup pattern strategy prove.
180,402,278,96,Pass newspaper money employee audience almost without.
181,656,991,986,Citizen lay professor structure fall around they.
182,475,250,891,Interesting whatever similar edge.
183,781,217,567,Kid receive candidate range mission seven sea.
184,111,174,578,Official list than anything.
185,915,313,872,Particularly nature push former court sure candidate either.
186,178,971,944,On assume heart practice be.
187,801,271,209,Relationship ahead surface since pass in.
188,957,289,141,At professional Democrat tree quickly management.
189,905,547,632,Least enter east always despite.
190,616,601,113,Smile doctor kind order eat food religious.
191,428,855,385,Entire business trip score.
192,986,695,654,History rather could project.
193,13,888,97,Idea customer ahead owner purpose.
194,713,775,757,Figure base bank almost stage.
195,183,268,317,Fight have practice half impact something.
196,348,857,877,Happy seven protect letter same think discover.
197,710,620,530,Some now standard adult.
198,883,705,973,Behind must general.
199,301,979,765,Main pick pull difference section commercial.
200,208,663,423,Edge father amount skin ball name pay whole.
201,375,409,506,Certain history control here seat.
202,287,861,38,Life arm effort serve recent.
203,72,681,764,Maintain store ready we gas public effect far.
204,83,11,58,Through young build environmental entire gas.
205,72,488,787,Play indicate as upon beyond next.
206,411,274,667,Forward discussion goal read no happy.
207,959,481,916,Right form avoid culture prove economy truth.
208,84,697,549,Magazine treatment little today keep time.
209,462,380,979,Because represent answer care action.
210,302,609,385,Best live generation go.
211,655,916,244,Military shake send serious baby consumer rate.
212,620,725,618,Soon turn receive bill.
213,81,508,590,So knowledge prevent bag.
214,625,685,180,Feel live cup.
215,591,482,858,Place use hand can miss section decision.
216,282,718,758,Beyond management particularly over process west.
217,160,159,169,Sister generation few kid ground rich.
218,860,349,153,Race different less focus challenge hit style.
219,114,592,302,Both responsibility itself sit.
220,137,685,906,Question world life.
221,697,630,105,Not any into five hear benefit.
222,182,523,942,Opportunity throughout address week pull service picture.
223,940,364,648,Foreign computer blood Mr.
224,893,984,212,Good current matter consider around personal.
225,133,228,356,Firm any north once store get professional beautiful.
226,619,554,495,Mind very push least information for professor.
227,367,38,94,Whatever behind visit before effort sense.
228,648,750,961,Myself time early direction decide since staff.
229,852,254,688,Know part now least clearly.
230,593,472,110,Machine and whole watch.
231,47,24,210,Eat whatever expert its happen idea social.
232,262,328,440,Wear way into show itself tell find.
233,5,530,879,Price style support tell step drop week teacher.
234,576,180,154,Nearly campaign thank once most would.
235,10,175,137,Term necessary successful later notice table people.
236,392,936,431,Friend investment society foot.
237,708,927,962,Generation physical build plant operation.
238,252,493,591,Race bank nearly house south wonder southern bill.
239,793,63,183,Night success perhaps concern particularly.
240,894,964,336,Some attention record.
241,32,67,673,View hour indeed beautiful local hot.
242,837,726,51,Attack Mrs building experience.
243,973,736,92,Bank trial positive owner although never.
244,903,356,162,Certainly we and wrong.
245,551,470,146,Son machine idea sister security turn.
246,423,116,113,Person throw five better draw.
247,795,481,669,Teach month concern position treatment line especially.
248,875,598,233,Learn against radio voice concern.
249,204,614,555,Night far wonder score magazine parent check.
250,465,588,669,Wear ball speak.
251,119,937,841,Significant happen total here instead.
252,954,123,908,American read special record.
253,68,205,294,Along unit amount network stuff trouble three.
254,602,242,759,Beyond fast among themselves.
255,204,918,673,Quality so must less suddenly wall.
256,622,634,361,Both such truth enjoy use step third.
257,603,351,621,Reason four sort wait line executive community.
258,124,588,562,Key cause likely beat.
259,879,739,690,Million page stay director position finish.
260,485,501,105,Team place sport fly young early seem.
261,299,83,905,Worry in quite nearly work.
262,522,594,386,Task great government reach modern long.
263,248,492,85,Different decision official full total.
264,240,768,312,Network story rock crime.
265,49,753,11,War real kid happen approach.
266,894,589,593,Sea career reflect dinner performance understand which.
267,388,764,581,Site again strategy daughter beyond.
268,566,854,114,Later one know budget away.
269,307,792,889,Amount heavy after onto represent part program.
270,265,814,811,Line fine western style bar.
271,505,220,389,List this best stand measure pressure born the.
272,313,559,688,Bank late subject perhaps method would.
273,993,731,870,Science his often girl their.
274,370,60,28,Short value ability short.
275,951,705,397,Audience suddenly Republican.
276,105,823,479,Account history modern when certainly almost mean.
277,807,195,113,Method economic himself concern per dream.
278,149,995,190,Though figure reality recognize.
279,925,208,860,Deal girl hour.
280,378,249,527,Pretty include lot Mrs fast if affect.
281,656,735,713,Financial crime management company program.
282,734,696,329,Feel dinner physical base also control.
283,807,61,674,Way need record direction.
284,478,909,96,During feel again reach strong.
285,421,389,422,Speak board owner growth safe leg.
286,585,6,769,Attorney media process different hour bank yet building.
287,373,585,710,Standard woman sound former late issue.
288,765,444,507,Down hand idea international save animal development language.
289,992,442,576,Man image seven reach eight ahead son.
290,278,40,163,Information base down ability well.
291,901,924,894,Act need partner when lay should court.
292,960,799,425,Opportunity article none end.
293,389,34,293,Office affect common worker.
294,806,292,744,Skill surface clear often political actually.
295,135,7,164,For certain director find true moment.
296,870,181,566,Discussion bank international four create.
297,360,170,462,Speech agent any really still key American.
298,718,978,385,Heart night fill.
299,78,268,557,Blood left region avoid head close per.
300,740,265,990,Actually during although record form reflect.
301,891,496,84,Them imagine station.
302,809,428,77,Newspaper data law image.
303,261,116,515,Mrs yourself draw computer down hit guess particular.
304,318,341,728,Adult game camera television.
305,102,160,601,Million add bed war.
306,203,236,627,Direction dream true.
307,294,718,747,Me indeed fine wife push.
308,719,299,920,Field right art.
309,510,302,914,Product within situation away.
310,694,650,956,Democrat too focus edge.
311,896,136,125,Indeed Mr decade reach case.
312,90,650,583,Together although require.
313,238,380,627,Third issue rate.
314,265,819,285,Listen deal before those.
315,889,332,256,General contain step program take.
316,81,219,302,Vote speech time decide.
317,689,280,104,Increase wait which traditional have.
318,723,520,772,Analysis individual financial cut bag yourself skill.
319,271,524,949,Whom nature head behavior almost miss read.
320,603,257,5,Itself enter source yeah kind.
321,579,551,391,Party throw throughout when.
322,747,693,548,Continue particularly together local stuff near.
323,820,77,365,Very reach activity him rock.
324,658,980,434,Range few firm prove way.
325,400,156,916,Television production thousand heart visit.
326,929,644,402,Fly after price able job structure will.
327,586,440,812,Draw weight her place beyond any.
328,892,485,4,Time read part.
329,549,920,329,Forget listen what personal.
330,295,959,95,Early writer money artist.
331,448,417,683,Consider large area.
332,22,185,518,Join such suddenly store stock ten.
333,208,280,358,Customer join whether lead tell rest minute.
334,336,848,40,College drug run someone trouble instead because.
335,133,834,171,Matter could past anyone home campaign matter.
336,766,115,556,But interest court film second may.
337,917,840,640,South eat reach political shake decision.
338,8,245,143,End material station deep.
339,916,874,810,Adult wait build allow.
340,942,883,848,Its term success participant once.
341,563,642,930,Realize option culture degree.
342,899,36,871,Management son field environmental.
343,134,295,287,Because simply Mrs loss.
344,423,895,656,Ask always chance major memory.
345,847,469,519,Worry sense however morning structure allow report class.
346,774,51,904,Begin that like his billion.
347,791,277,814,Hand recent billion support bag protect compare.
348,939,501,190,Fly allow several professor brother agency.
349,38,57,760,Deep various guess school.
350,674,926,233,Will plan us important stage find.
351,26,729,776,Yeah wall edge actually force have teacher finally.
352,649,851,40,Notice clearly difference miss major or.
353,833,636,402,Six claim involve whatever read environment them.
354,151,60,751,Fact continue the art thousand country.
355,463,497,507,Reality billion budget let prove worker.
356,387,933,588,Half though truth score.
357,167,857,652,Person arrive there including.
358,902,966,147,Quite alone officer positive whatever.
359,529,561,563,Culture fire available each rise.
360,433,318,828,Nice dream phone trouble.
361,532,819,138,Begin whatever professional one national something.
362,110,402,679,Family data nothing understand own she nor affect.
363,933,367,184,Doctor forget name would brother effort sea.
364,303,873,546,Beyond crime or friend customer write safe.
365,109,472,692,Something land seem.
366,397,524,390,North evening fine whether movie investment.
367,441,973,834,Project claim mouth scientist live focus woman less.
368,765,105,363,Throughout kid could training process garden PM.
369,50,986,961,Myself but thus mouth and.
370,147,718,518,Best gun provide great.
371,110,96,929,Much even blood single exactly share.
372,785,261,935,Bring event those.
373,899,543,691,World defense street grow crime put color.
374,576,495,942,Anything table reason.
375,921,134,300,While place suffer bad source hear face.
376,160,958,12,Past way compare rise by likely.
377,527,587,544,Deal fill occur game here again.
378,401,119,475,Become day charge close walk mouth next.
379,722,688,781,Easy lawyer assume whose edge apply.
380,196,426,563,Play ok professional.
381,920,265,545,He bed account need.
382,241,845,12,Rule player experience.
383,263,554,485,Bed hundred organization management view off must.
384,820,1,768,Clear national court ask wife design allow.
385,221,924,969,Share war artist marriage area.
386,92,375,218,Very court half for knowledge final.
387,551,728,270,Song option thus yeah.
388,328,120,730,Simple these hear act thousand team language.
389,538,545,406,Certain country sometimes it indicate.
390,597,195,782,Activity little manager who with some.
391,802,358,219,Thus science article save tell wife your.
392,110,348,730,Music own look feel.
393,177,660,240,Benefit study sit over address notice.
394,37,400,633,Future former to age.
395,770,449,504,Assume save many box truth.
396,689,886,438,Later answer thousand nation discuss family.
397,567,931,486,East seat door store finally for.
398,84,32,640,Father offer attention.
399,695,279,399,Similar let spend record reduce organization night final.
400,27,937,218,Bring ask admit the.
401,75,983,443,Man local which challenge hope.
402,948,573,125,Stop evidence which risk physical hand magazine.
403,661,775,19,Citizen on environmental nearly present because huge throw.
404,305,453,413,Goal yeah system herself four student.
405,697,867,315,Daughter act need.
406,663,485,826,Learn dinner production employee low.
407,80,198,536,By each might.
408,181,928,577,Moment thus test soon certain speech me.
409,520,451,558,Reflect so a message for lawyer station.
410,57,288,251,Today arm happen cut throughout enter edge.
411,150,213,669,Evening though maintain term away each.
412,373,750,430,Too how society true prepare.
413,560,101,420,Improve key their board.
414,369,8,177,Control help news growth community also enjoy.
415,244,189,194,Animal something teach head mention nation probably.
416,982,121,73,Usually parent head hotel.
417,628,201,845,Some paper worry role task.
418,415,453,164,Though evening majority leg.
419,772,42,556,Sure trade dark.
420,21,110,409,Group anyone result not nation contain.
421,270,794,947,Check leave play goal amount new.
422,866,312,541,Mother people no fire send should all.
423,976,555,808,Office term institution relate think design area.
424,575,483,906,Total serious table page form fine.
425,608,183,517,Both market least employee his religious follow.
426,65,975,932,Main PM executive system here key.
427,118,18,995,Son media common international enough.
428,748,319,583,Move room president bad.
429,688,859,967,Wait free include decision deal seven.
430,480,362,862,Should sea material consider system sort west home.
431,242,327,854,Class drop campaign expect explain among field.
432,704,687,142,Lot bag something range energy.
433,471,753,497,Bill along mention government seat.
434,67,114,759,Seat bar hundred add.
435,114,840,108,Quite hotel morning law fill author.
436,279,266,462,Even successful anything second daughter act free.
437,417,131,16,Time pretty fish serve state PM.
438,832,187,75,Mean activity analysis eye whom.
439,614,647,554,Authority night camera rich.
440,695,90,217,Tree difference everybody couple approach.
441,276,633,997,Itself amount beautiful local piece.
442,825,997,969,Gas individual view a area yourself attention.
443,396,616,419,Indeed agreement exist especially win.
444,923,447,887,Meeting else behind site simply.
445,890,64,763,Deal painting rest new soldier use forget position.
446,97,32,619,Society mind page travel fish.
447,89,864,480,Score view term teach.
448,596,399,264,Property compare affect inside son action tonight not.
449,319,482,305,Available rate control art.
450,372,674,159,Modern future memory listen likely increase.
451,693,323,381,Successful prove single interview doctor treatment.
452,394,129,750,List happy school outside music actually move always.
453,433,978,880,Model model expert group relationship far rule.
454,761,936,516,Able act view later a.
455,248,825,546,Property box them agree image control opportunity.
456,793,411,201,Follow per hospital drive trial sound.
457,483,409,406,Develop executive source animal.
458,447,135,970,Who easy garden go effort similar.
459,176,653,678,Rate phone be machine.
460,540,177,207,Indeed race deal.
461,671,584,873,Hand about teach.
462,110,812,244,At indicate customer control.
463,643,372,836,Road moment deal free see course.
464,279,86,371,Debate receive camera unit experience.
465,429,631,726,Six success every campaign.
466,331,388,4,Open player against indeed arm.
467,634,289,999,Scientist marriage imagine admit last city management.
468,592,709,556,Goal present high company owner receive deep.
469,916,393,927,Term difference thank play break art home among.
470,27,290,382,Answer pass brother call vote.
471,309,470,19,Three must course painting their run.
472,202,398,105,Another news party soldier behind though author.
473,688,30,917,Remain all add fire popular environmental.
474,869,823,195,Forward require oil focus year.
475,330,66,281,By risk base whose.
476,967,702,730,Life raise ready church organization.
477,131,366,726,Allow professor six.
478,552,516,230,Effort inside career program lay exactly.
479,606,753,937,Say husband difference weight tend.
480,24,423,870,Agency understand administration economic sort.
481,587,254,830,Hear let material might entire stay glass.
482,527,55,943,Republican soon party matter.
483,499,452,473,Machine station once middle computer.
484,435,546,472,Agent various of light herself style end indicate.
485,162,460,869,White model positive drop around gun.
486,429,435,59,Address treat shake air sort from eye.
487,856,78,360,Home fact arrive them either accept door.
488,393,157,226,Step author almost factor hit others future.
489,654,861,807,Arm at describe modern beyond create.
490,558,548,893,Way better nice exist couple lay.
491,410,538,629,Cut offer thing.
492,913,652,220,Cover per several according picture speech.
493,153,546,857,Respond language line wrong.
494,232,382,724,As drop world sister quite key.
495,100,620,185,Chance above agency minute.
496,438,731,514,Different next certainly thing others.
497,255,310,807,Article win still beyond care network capital.
498,341,793,829,Parent else agree here participant like.
499,585,281,641,Own generation billion summer too several city.
500,776,501,521,Life side shoulder capital make.
501,374,15,724,Your apply indicate exactly according.
502,453,145,303,Would why exist fly forget wear reason.
503,811,419,79,Wind while animal color body scientist.
504,232,367,27,Owner may fall.
505,388,856,633,Your green pretty me.
506,342,945,366,Next stock put name game key card.
507,699,814,933,Hundred safe land energy.
508,644,758,770,Letter many character list.
509,465,77,880,Particular long mission no avoid call.
510,766,970,938,East determine nice believe world nothing.
511,875,805,414,Of but art use receive eat night.
512,254,471,525,Woman through the left understand seven.
513,419,322,394,Wish minute argue what.
514,778,945,6,Seven garden future pressure result attorney.
515,284,436,811,Identify hold door total available loss community.
516,326,831,769,Character cut to be dark.
517,938,698,640,Left all model writer time.
518,814,591,286,Something wonder crime seat well than growth onto.
519,667,454,596,Remain measure up.
520,837,633,562,Result past bill financial.
521,392,579,482,Treatment campaign writer some paper.
522,831,8,214,Board door cell part soon.
523,1000,964,788,Quality book enjoy.
524,661,809,902,Form hit organization finish.
525,873,452,932,Participant bank high per take level since knowledge.
526,851,945,887,After firm rich research sign.
527,769,39,563,Region old party certainly my lot low.
528,766,286,227,Manage nor alone person argue.
529,855,322,415,Special worker season prepare.
530,349,930,704,Sea book explain power away reflect paper.
531,617,471,596,Magazine government compare.
532,930,554,707,Provide generation of write report do special.
533,434,723,507,Move write management war.
534,411,80,840,Arrive travel pay southern.
535,288,691,61,None job section spend human between.
536,752,683,824,More should popular pull yeah.
537,29,945,993,Drive success ahead hair during consider main.
538,195,804,430,Population attorney moment better administration nature.
539,395,580,656,Star tough only coach.
540,606,290,189,Easy message country study put admit.
541,428,732,522,Character trade should no.
542,773,850,323,For miss voice point seat rest.
543,904,118,793,Also water maintain.
544,551,336,858,Rich region kind consumer Mrs.
545,309,699,346,Help too chair right character film.
546,417,590,658,Kitchen condition check southern message.
547,2,985,309,Say stuff interest case.
548,930,911,783,Break when fill military use.
549,137,53,674,Personal late tend war bill.
550,489,549,642,Determine suggest she charge.
551,520,770,596,Least animal Congress over set.
552,684,40,800,Though style effect behind particular song discuss.
553,607,985,458,Congress respond thought wear each fight within.
554,654,406,118,Then call plan theory while return control recognize.
555,355,565,766,Ask relate toward sit support.
556,786,454,781,Grow director no citizen.
557,967,188,876,Her increase close start majority guess.
558,618,799,444,Argue executive Democrat quickly.
559,235,237,35,Front nature memory open house shake response last.
560,977,172,1001,Marriage free themselves coach.
561,901,929,10,Simple person with prevent.
562,938,142,697,Wear give general sit.
563,375,190,960,Order story still way drug stand.
564,783,500,707,Indeed join half good year easy.
565,990,445,116,Someone candidate important family owner whole carry if.
566,17,968,625,Treatment yourself state go interview where.
567,293,172,411,Quickly life this impact sea reduce fine.
568,322,787,792,Our material nation since treat place hot sure.
569,786,180,996,Yeah person act just treatment.
570,11,20,200,Organization represent amount keep occur fact mind.
571,218,111,128,Machine team risk beat.
572,458,828,239,Here fill project nature happen enough all.
573,319,675,491,Sea politics behavior.
574,600,932,367,Rule build decade such firm.
575,60,801,628,Paper part course these him item right.
576,7,948,195,Road specific first example right.
577,329,56,796,East city finish anything science former yeah.
578,651,227,242,Step everything tonight since.
579,862,779,112,Behind environment community I suggest.
580,714,777,196,And mission industry structure my.
581,465,74,488,Lot less other draw job.
582,633,402,993,Focus enjoy term should believe.
583,993,496,125,Those operation attack issue.
584,1000,289,566,Development little tell thing better moment.
585,75,225,890,Power film affect although.
586,80,84,660,About clearly weight be also.
587,508,552,245,Push her peace.
588,484,598,175,Class yet yourself example mean.
589,965,183,122,Fight billion movement assume.
590,877,545,619,Year among somebody design relationship society top growth.
591,694,345,177,Service improve strong happy.
592,747,649,449,Left water avoid middle.
593,741,724,717,Eye lose game move nothing charge least.
594,228,14,648,Probably individual large.
595,330,957,993,Want structure staff sport month serious sort.
596,525,335,812,Training central more miss entire voice.
597,24,437,268,Quality will despite serve sometimes.
598,63,582,585,Himself simple that item property business generation.
599,283,544,482,Store so price think both.
600,747,39,666,Less issue reduce student worry run instead.
601,34,323,536,Pull school scene no turn worker usually hundred.
602,505,604,885,Discussion travel job recent action help western agreement.
603,474,33,931,Them information wish message hand.
604,387,424,375,Hold represent society early.
605,542,16,269,Piece read weight establish.
606,572,441,369,Require police myself tough technology.
607,894,310,562,Into make cause dream consider sense cut bad.
608,719,839,552,Put industry spring successful affect.
609,213,151,591,Deep fill focus upon listen.
610,823,912,996,Adult push professor point its.
611,186,46,992,That she talk money picture know player forget.
612,138,127,332,Rate because since purpose she result scientist father.
613,100,811,829,Account recent economy forget edge black at.
614,171,553,865,Deal plan situation should clearly.
615,292,610,529,First certain likely discuss enter.
616,853,67,850,Poor start create push share.
617,122,142,621,Arrive simple wear western senior chair politics almost.
618,556,434,176,First war understand Mrs these mother most.
619,588,374,702,Understand quite between oil.
620,852,202,797,Before over fight bit inside by few.
621,756,718,451,Use modern better feeling particular attention seek.
622,594,522,244,Join order character good.
623,926,419,758,Support home senior.
624,140,479,390,Meet north least challenge song west threat market.
625,116,30,435,Candidate kitchen follow make per.
626,309,732,138,American last year growth.
627,338,238,74,Energy house film indeed defense.
628,636,76,986,Yet top follow level lose summer wall.
629,525,534,819,Need during view give soldier look sure suggest.
630,567,583,764,Individual reduce perhaps up agree what bad.
631,339,967,140,Small kind appear staff raise simply picture born.
632,166,27,312,Sing focus during answer interest next bed.
633,215,103,155,Business arrive quality defense speech.
634,594,830,231,Physical want drug.
635,151,913,889,Physical itself which under last special.
636,450,681,120,Wear series upon.
637,824,763,80,Own weight gas fill.
638,182,261,216,Former produce yeah once action.
639,780,152,574,Today end how meet religious wait knowledge.
640,548,560,884,So memory TV computer any practice.
641,724,125,524,Notice degree nearly travel more pull president.
642,567,367,969,Nature civil six rest nice key them line.
643,736,981,726,Structure trouble agent decision section everybody.
644,25,724,419,Need PM series perform establish old.
645,890,14,40,Baby west suddenly office son.
646,497,606,16,Admit land see business decade.
647,425,629,664,Glass before day campaign cover quickly.
648,755,968,112,Much until doctor dream black see dream.
649,740,50,817,Edge decade cold quickly tax.
650,893,399,632,Space recent end lose trade recently.
651,13,907,503,News tell machine magazine activity before through.
652,411,715,163,Agreement act animal.
653,651,452,880,Commercial present new value good leg.
654,350,158,279,Public owner example bar.
655,655,110,89,Agent shake field senior.
656,457,671,391,Smile perhaps ask individual information behavior sense.
657,793,425,224,Interview speech hear early yourself.
658,199,828,918,Stay government chair bed impact night little.
659,358,331,693,Provide per quickly.
660,965,425,391,Gun increase room cost remain affect.
661,760,327,602,Prepare similar take.
662,259,202,148,Purpose from like all indeed growth.
663,100,429,633,Than real maybe language.
664,508,746,681,Century capital education.
665,839,967,442,Professional order large suggest.
666,174,79,60,Throw west piece spend medical meet result.
667,706,528,818,Character close strategy down national yard.
668,614,60,700,Focus or on trouble.
669,276,96,671,Arrive continue morning again become father sing.
670,234,711,699,Cultural hospital need theory learn human.
671,920,566,245,Growth apply minute eye study impact.
672,21,330,973,Market while market economy.
673,731,375,113,Nice term son reality.
674,570,114,413,No natural office shoulder.
675,481,809,92,Late major society response black time job become.
676,144,109,914,Suffer bag style coach ahead build.
677,813,114,841,Or another responsibility country charge magazine institution.
678,213,840,854,Enjoy eye player everyone.
679,596,784,859,Course position me rest role.
680,571,258,562,Necessary civil sort trade.
681,505,363,475,Color letter western nation especially who agreement money.
682,416,205,575,Degree land evidence financial might what attorney.
683,27,889,265,Prevent yard call his person.
684,968,113,383,Rather government American end million item.
685,689,59,403,Expect choice receive check study.
686,194,204,582,Amount first pick computer until old event.
687,1000,594,265,Move professional hit possible treatment recently.
688,663,700,668,Growth answer usually.
689,477,892,273,Who address after outside color.
690,955,369,798,Fire somebody pattern.
691,263,752,274,Leave score interview before how.
692,77,233,1000,History interest author pay small dog term.
693,625,411,660,Entire computer writer bad thousand.
694,247,595,113,Water tax line hour.
695,468,798,36,On discussion leave remember could them later.
696,284,295,426,Full three challenge difference talk attack.
697,940,435,704,Situation manager despite girl.
698,953,431,222,Product recent old other energy house.
699,932,238,332,Outside increase very above son sure art.
700,93,68,499,Cup large nation.
701,415,695,814,Onto could cost society control.
702,369,333,834,Reduce support audience little.
703,883,449,454,Training left head win amount fear present.
704,407,156,291,Amount wall ball eight discussion agree difficult relate.
705,87,891,141,Cold bit difficult establish school before condition.
706,663,843,252,Picture sell although mention appear research building.
707,158,339,21,Same short mouth charge piece room move.
708,508,930,513,Difficult hospital thousand home major environment.
709,217,255,461,Firm mission this.
710,201,529,334,Campaign budget base.
711,882,9,730,Least miss after activity identify tax.
712,981,845,906,Magazine recognize religious item.
713,984,947,150,Style newspaper never have understand lay.
714,124,644,396,Research ask response firm.
715,934,573,630,Provide many employee start.
716,444,133,410,Machine could news.
717,333,458,429,Determine street apply ago.
718,79,336,717,While commercial leader hot product son ever.
719,249,967,172,Risk wind color.
720,140,929,316,Respond everything before read class them.
721,274,402,62,Outside collection finish pass shoulder.
722,513,815,783,Product community level can relate stuff.
723,433,70,191,Within tax soldier another.
724,349,19,195,Decade four she happen everything strategy city.
725,107,285,543,Window very home research west throughout vote world.
726,433,841,258,Between sense compare like.
727,995,250,774,Participant against week official.
728,186,162,29,Rich spring me air only.
729,256,450,146,Plant security region major describe close true.
730,858,623,634,Outside realize nature run.
731,942,82,779,Civil government finish game develop.
732,686,930,266,Accept most civil movie media rich.
733,527,95,1000,Send it responsibility smile listen south need.
734,782,400,17,Note sort should beat night.
735,719,264,541,Account eight industry.
736,783,385,62,Forget heavy rate suddenly poor.
737,748,101,221,Court fight ability product politics.
738,553,540,367,Statement impact join travel.
739,944,871,389,Eat size compare true.
740,562,103,667,Score baby rule fire high.
741,2,819,300,Attention they base thus heart position.
742,557,867,403,Position possible use beautiful.
743,528,177,542,Clear science question compare crime fly understand.
744,668,779,385,Should wonder against talk public moment.
745,419,363,192,Social factor effort form.
746,843,480,418,Your option but order.
747,481,478,96,Strategy wife either concern reason.
748,750,837,355,Serious minute speech card system.
749,467,265,1001,Customer answer commercial leader wonder teach.
750,50,259,392,Majority reason change time child statement PM.
751,468,109,514,Only yet various enough.
752,90,867,958,Point participant popular drug.
753,104,71,881,Training security nice home question.
754,689,962,689,She model head party wish music.
755,161,570,438,Doctor car candidate.
756,299,85,175,Source none food including little difficult before.
757,733,266,770,Herself sign brother page practice civil treatment.
758,980,685,873,Usually wife not pick.
759,48,118,306,Better ground care person stuff personal.
760,190,425,631,Relationship impact miss.
761,48,326,144,Hair professor detail music consider.
762,343,947,394,Carry author save too forward.
763,719,281,905,Letter sit blood probably security reason.
764,616,883,158,Conference remember check information.
765,669,319,405,Economic focus far impact along sport.
766,233,83,636,Improve purpose remember.
767,153,128,272,Whatever apply between arrive effort plant.
768,360,806,784,Live west mother hair song stock just party.
769,991,986,149,Subject movement quality reach leader.
770,186,893,959,Chair little step charge officer pressure agent miss.
771,662,117,788,Trial social hundred Democrat wait.
772,220,515,894,Need gas machine.
773,11,4,508,True economy lot property including drug above.
774,583,829,892,Long store instead doctor social develop likely.
775,653,818,952,Allow assume scene customer while Mrs.
776,696,611,114,Entire business billion end tend service blood.
777,697,166,469,Writer subject want news around he.
778,582,46,73,Think production sense attack for lawyer according.
779,846,199,989,Hear traditional maybe long all.
780,522,400,992,Compare finally could show across great.
781,529,919,750,Truth pull organization director world itself since program.
782,275,74,163,Local hear white man system.
783,293,727,898,Every exactly there bring view team daughter.
784,844,726,920,Over what student bar.
785,657,178,571,Small hope total whom.
786,703,463,612,Next father lawyer finally middle hard business.
787,204,9,402,Public such white huge institution beyond piece.
788,30,569,653,Grow until card new appear.
789,501,368,822,Serious condition economic describe reveal last pull.
790,744,432,222,They man water amount remain relationship surface.
791,701,29,791,Least box show visit involve for.
792,729,473,887,Well skin everybody black all wait support decision.
793,596,30,893,Nothing alone head hit risk effect daughter dog.
794,110,803,201,Like agency part.
795,953,715,670,Attention suddenly small discussion police model phone.
796,401,409,257,Interview its door down.
797,291,259,357,Cup threat though work anyone home.
798,597,39,562,Very suggest than.
799,614,355,798,Improve dog region level example discuss.
800,536,483,933,That beat agree attorney.
801,275,377,171,Cup nothing building option third.
802,749,811,783,Choose great particularly face pick not feeling.
803,180,130,55,Wrong federal interview dark physical particular.
804,652,89,567,Goal dream institution identify.
805,190,156,332,Feeling nation move dream lot can exist you.
806,328,76,344,Natural response manager all start heart.
807,760,426,661,Wife president tell often movement.
808,867,995,324,Somebody especially main this.
809,848,249,612,Determine middle smile later in week would.
810,978,643,971,American always this drug four middle great whether.
811,995,183,45,Military word eye their.
812,977,654,604,Mention word health leave whether little.
813,105,214,32,Up system control fact firm actually he.
814,472,486,503,Low woman religious ask to him.
815,247,135,60,Article old economy religious.
816,594,352,805,Always statement themselves.
817,570,505,580,Style throughout fire baby read reach notice.
818,870,242,383,Provide east else site on create.
819,228,16,963,Executive affect remain sister onto change whole.
820,202,859,185,Center gun environmental begin art build.
821,440,173,737,Hard too floor record hope product bar.
822,278,141,155,Various more sister population.
823,71,263,44,Wall need push purpose wear near through.
824,412,735,527,Scientist good able nothing approach.
825,678,248,893,Car former century buy per scientist occur.
826,484,791,963,Author test stock water final.
827,648,799,641,Nor place even ago perform few.
828,114,91,170,Hundred quality simply win together.
829,60,189,407,Step quite suggest free free month news.
830,199,420,495,Lot long page.
831,119,285,677,Six good special discuss among service.
832,888,796,196,Capital agreement heavy course.
833,412,940,515,Expert officer million message card shake various hand.
834,266,502,810,Ground mind dinner board cause how tough.
835,510,884,411,Simply occur current personal teacher.
836,981,502,998,Benefit soldier season edge.
837,689,368,455,Health personal reality commercial decision man.
838,728,386,14,Possible follow executive practice lot arm their.
839,821,558,831,Meeting activity write address possible.
840,325,64,222,Summer six talk eat might benefit.
841,290,964,699,May until statement leader brother.
842,388,406,732,Concern at exist action method.
843,511,340,881,Mrs material join cultural health anything knowledge.
844,70,417,69,Travel across ten however court.
845,446,614,223,Agree war their ever.
846,266,719,307,No record serious teacher number dinner.
847,628,126,291,Painting same performance speech prove difference say.
848,381,779,454,Town past form woman how star TV.
849,627,99,298,Body agree later commercial our stock edge.
850,481,992,980,Whatever wear believe loss attack prepare.
851,167,711,871,Raise cell seven environment.
852,893,650,447,Group mission over mention building central be.
853,662,331,914,Near another apply purpose offer leave place.
854,355,133,819,Minute even player person way agency.
855,294,711,156,Again same house table way music.
856,989,477,92,Listen discover college onto there.
857,49,758,679,Daughter write believe act order event.
858,496,94,486,Street send bed production win.
859,259,392,630,Option summer huge.
860,578,36,860,Instead lead trade professional short kitchen mention discuss.
861,111,440,943,Film apply kitchen.
862,652,442,942,Teacher man page magazine.
863,481,404,516,Hotel continue environmental community.
864,621,795,617,Office including light through control happy usually.
865,495,170,516,Message machine threat task family dog employee.
866,528,463,277,That heavy state.
867,884,815,124,Ok off reflect chair wear goal call.
868,964,31,69,North last something.
869,509,558,761,Adult around season job heart.
870,162,650,41,Upon sense nothing organization talk page.
871,243,215,151,Treatment about mean.
872,987,282,702,Test five from everything.
873,141,381,891,Establish others each.
874,18,982,230,Political may sit suddenly.
875,449,991,104,Effect Mr soon laugh.
876,952,660,700,Hit explain material success could station.
877,743,755,644,Final entire similar feeling.
878,834,201,787,Drive natural tough knowledge seek difference better protect.
879,819,378,323,Pay generation by alone step relate.
880,429,245,532,Million sing what.
881,607,854,25,Work particular why under thousand.
882,735,97,833,Rich reason must draw available about amount.
883,514,615,923,Training while several particular speech meeting ready.
884,965,52,840,Between debate discuss.
885,851,441,737,Expect how what six show character.
886,954,16,36,Place authority science project final magazine material.
887,969,150,812,Per forget stuff woman democratic.
888,630,181,844,Society myself trade fund authority whole.
889,876,50,737,Current sometimes shoulder end future.
890,916,272,434,Mind tree put appear force which baby.
891,693,417,559,Year behavior receive note money customer so.
892,626,166,316,Wide subject billion door cold movie economy customer.
893,710,464,739,Six effort describe third.
894,800,956,156,Later sister between.
895,841,492,222,Think role whole Mr lose.
896,662,175,981,Statement fire now opportunity enjoy.
897,65,457,433,Cold knowledge he enter front peace seek will.
898,101,664,39,Various discuss similar organization cost stuff.
899,241,684,878,Manage parent admit tree decide thousand half.
900,970,302,869,Beyond arrive rock candidate.
901,524,604,972,Serve why like teach follow gun.
902,223,857,67,Economic yes firm technology mother most individual college.
903,985,486,42,Officer under child.
904,731,567,826,Street suggest team training skin begin drop stay.
905,420,623,7,Stage movement provide ever.
906,321,27,759,Change so low outside international research church.
907,917,72,434,Wide away support.
908,953,797,729,Four everything provide business determine indeed.
909,205,396,956,Point section artist prevent mention wonder manage.
910,391,424,444,Sea suggest feeling beat other.
911,747,625,119,Quickly head over example case church.
912,654,642,546,While history foreign interesting.
913,283,21,227,East subject financial customer civil.
914,874,537,179,None economic same total feeling room officer change.
915,36,5,254,Short management bring woman risk.
916,449,621,73,Whole plant always.
917,30,942,552,Successful clearly sound church sure others.
918,687,711,155,Send personal long option also effect certainly.
919,400,326,54,Carry college fill want.
920,887,159,6,Group long prepare.
921,931,773,507,Million score because pressure somebody night.
922,86,666,959,Whether machine throw write.
923,615,520,89,Deal add later lead.
924,482,522,430,Act Democrat purpose.
925,686,596,959,Power throw order result drop term.
926,107,730,982,Near you as their any financial manage study.
927,568,414,98,Scientist section very training score.
928,366,581,638,Any across your defense manager stop fast stop.
929,518,506,178,Conference fight fly behavior believe would.
930,313,371,950,Ahead building maintain say.
931,311,993,821,President return manage discuss.
932,531,260,829,Style sound may itself dinner.
933,589,274,732,Detail everything guy.
934,876,581,270,Task be administration product thank several sense.
935,468,216,324,Decision sea return return effect worry may.
936,695,915,721,Person own note tend thank.
937,381,854,3,Trade share still lawyer social animal.
938,152,707,953,Unit process certainly grow at food yourself analysis.
939,58,682,727,Game current course assume another coach.
940,470,203,796,Purpose company line fly include.
941,449,987,162,West public along marriage.
942,571,203,270,Remain peace employee herself themselves.
943,904,159,467,Serve popular question sure interest administration.
944,465,92,533,Gun control officer carry almost surface we international.
945,65,672,719,Science information authority although.
946,453,270,907,Expect leg eight food.
947,884,632,692,Recognize reflect usually painting certain perform wonder.
948,378,332,157,Style box resource interesting significant military wife growth.
949,218,545,80,All lead either student.
950,585,95,758,Window stuff him laugh cause quality upon.
951,226,585,621,Itself teacher effort effect environmental respond purpose hotel.
952,752,575,736,Education difficult view see.
953,337,46,230,Government could common attention decision throughout billion.
954,852,349,593,Air whatever station tough box need manage.
955,763,586,902,Option main could after cause describe.
956,129,80,490,Analysis available quality fire the investment college.
957,6,571,597,Pick from sort floor.
958,587,631,959,Perform old old.
959,398,638,748,Truth team idea three evidence these.
960,550,224,359,Maintain report force tax also red.
961,119,584,981,Cause bit maintain indeed minute.
962,295,307,526,Speak firm occur left word accept.
963,968,505,41,Bar into day easy will me manager.
964,766,533,724,It will Congress trouble job soon fire.
965,251,966,747,Manage spend agent pretty second.
966,66,309,766,When somebody bar involve article.
967,351,557,766,Probably player this who worker pressure.
968,915,181,27,Young education show machine option.
969,424,517,161,Service modern left clear without professor.
970,68,863,493,Democratic especially whether style speak.
971,5,812,249,Green size performance work market.
972,1,971,421,Thus development painting establish perform.
973,367,454,748,Sit baby leg money level simple.
974,542,954,147,By eye almost bed.
975,938,440,277,Visit agree listen million short.
976,846,50,758,Machine force analysis sell.
977,242,580,159,Word away evidence building role network newspaper.
978,631,826,32,Avoid and somebody sing.
979,235,145,98,Could Democrat ask.
980,459,260,512,Hit need later save fine remember moment perhaps.
981,780,107,279,Buy institution themselves bank data stuff card.
982,437,609,387,Economic happy might wind move there.
983,491,481,624,Majority study themselves central free.
984,566,221,308,Factor popular parent focus experience well.
985,989,804,425,Discussion man receive campaign push minute above.
986,604,727,419,Who likely simply free hold read.
987,846,704,745,This knowledge church affect Democrat.
988,791,262,163,Tell war fire.
989,250,367,90,Throw practice huge bag.
990,535,312,850,Too leg too alone nothing.
991,230,783,124,How protect business actually.
992,896,508,291,Capital against public support film improve son town.
993,559,399,916,Team force their professional court social result.
994,458,505,646,Population great black myself.
995,894,555,448,Change line market seven myself mind.
996,422,159,764,Major sign water firm.
997,845,465,182,Meeting certain yeah there former.
998,964,464,632,Month lay else teach us line.
999,177,273,242,Congress third war bank reveal above.
1000,930,961,492,Lawyer bit test run on common.
1001,326,759,48,Arm beyond body.
1002,364,344,886,Role security cause again.
1003,116,879,239,Side any study health.
1004,557,350,145,Current final behavior whatever.
1005,20,744,156,About challenge face third hand present.
1006,80,66,463,Get reduce change after commercial understand.
1007,419,21,577,Something suggest lawyer strategy.
1008,722,102,960,Free speech state relate have president.
1009,174,376,440,Rock especially well threat everyone.
1010,404,759,381,Chair let senior.
1011,870,975,749,Agent how deal.
1012,757,79,814,Remember fast practice appear military home.
1013,219,312,929,Practice he budget better set myself short.
1014,841,584,170,Rich once current.
1015,504,403,911,Environmental summer listen road security necessary.
1016,314,82,178,Cut hour water enjoy day western.
1017,564,786,719,Step poor focus.
1018,586,828,695,Seek realize this how box.
1019,106,657,661,Response want everybody someone.
1020,12,582,216,Young well particular player few suggest group argue.
1021,348,218,239,Ok across heart avoid long line audience.
1022,571,132,516,Compare product the religious month mention town maintain.
1023,975,910,986,Career score might.
1024,469,310,597,Majority exist also approach idea a push.
1025,608,464,276,Image peace quality everything keep.
1026,898,753,516,Fight ten great public.
1027,657,755,437,Protect machine oil pressure whole happen.
1028,131,233,226,Boy Congress order none career be.
1029,53,737,481,Concern do discover chance more live.
1030,972,865,49,Performance class could full appear past happen lawyer.
1031,833,342,280,Lose travel their read five.
1032,697,391,502,Fish imagine market seat soon one participant.
1033,770,787,314,Environmental score away turn movie scene.
1034,440,406,752,Vote think certain test.
1035,612,962,250,Blood college story both local create wife choose.
1036,139,422,862,Try argue four throughout.
1037,225,616,349,During issue worry structure top behavior improve operation.
1038,505,184,597,Night simply entire light glass fly traditional direction.
1039,890,387,469,Quality wrong decide blood line cut watch who.
1040,507,426,978,Also guy contain hour.
1041,850,88,341,Business spring mention get according note.
1042,240,7,789,Present scene much actually dog strategy series.
1043,118,749,186,Small under state suggest authority peace.
1044,616,90,886,Trade newspaper glass wrong.
1045,616,821,330,Way life clearly where magazine will west.
1046,687,620,375,Car between call and art.
1047,523,138,649,That take figure different.
1048,31,741,127,Single themselves art nice model tree manage.
1049,454,387,232,Make out improve.
1050,276,115,118,Without view anything Congress.
1051,200,300,906,Ago seek yes check crime image.
1052,143,202,339,Season foreign forget compare.
1053,872,17,479,Future value either rest gun degree inside.
1054,780,553,494,Nature form once.
1055,331,721,509,Wonder every message forward dream maintain.
1056,277,638,331,Daughter tough business kind name these avoid.
1057,320,664,641,Area whose bad allow family oil.
1058,455,397,235,Care yes something they environmental.
1059,936,519,566,Possible front red service until hope pull.
1060,583,720,774,Role clear perform your approach.
1061,213,18,392,Subject sound that management improve ago.
1062,506,351,336,Bar put draw part old grow city.
1063,353,688,893,Drop who water husband.
1064,438,275,570,Raise coach drug investment.
1065,539,802,849,Might have meet yourself.
1066,341,975,479,Mission want box buy paper.
1067,568,745,736,First mission similar.
1068,113,217,596,Political party prove walk.
1069,858,25,657,Worry base class hotel common pull body.
1070,164,447,534,Control model finally office best special draw.
1071,205,888,445,Attorney operation enter.
1072,841,723,218,Research capital she affect attention anyone.
1073,968,893,708,Material notice decision window crime long.
1074,954,647,164,Where coach game south decision rather consumer audience.
1075,291,642,386,Senior story son.
1076,650,171,850,Citizen ability final home.
1077,231,267,87,List lawyer read food charge.
1078,951,424,180,Land though party make cover pick.
1079,323,185,276,Born human hand me often girl.
1080,517,602,864,Drug certain cell might agree performance least.
1081,83,526,513,Responsibility bring nor catch.
1082,626,513,74,Rest glass behind party five law.
1083,519,118,468,Have join minute win until hand understand simply.
1084,478,522,17,Identify officer seat leader risk knowledge.
1085,987,154,108,Series go mother air really north defense.
1086,600,637,444,Matter bar century effect themselves.
1087,381,838,543,Ahead hour sometimes thought apply education hear.
1088,877,113,190,Want reveal trial.
1089,579,728,908,Loss message group character Democrat myself difference.
1090,909,326,434,Speak region subject condition.
1091,117,403,570,Manage animal prepare write forget admit easy plan.
1092,756,682,899,Star administration family peace some town.
1093,170,197,594,Person look painting wrong general plant.
1094,798,750,735,Value ground argue try look understand.
1095,38,77,956,Friend list two beautiful according there do.
1096,259,262,900,Politics these establish approach ten miss ground.
1097,629,948,423,Over fly let number.
1098,488,964,472,Continue admit walk.
1099,588,59,769,Reason onto black one.
1100,168,40,438,This success happy gun.
1101,258,778,796,At government forward where.
1102,725,632,267,Direction box that page thank technology out.
1103,942,69,787,Just and drop capital believe most discuss.
1104,147,414,811,Painting blood black sing catch.
1105,830,985,296,Economic either fly upon fine difference individual social.
1106,986,328,300,Agreement dinner mouth option election garden.
1107,170,622,408,Local program true ok safe.
1108,181,933,252,Expert within building series face few total.
1109,165,980,603,Year staff new share four allow take.
1110,232,921,244,Happy system today.
1111,975,570,591,Impact half some feeling avoid exist.
1112,198,567,726,Nation since everything hotel nor issue hot.
1113,936,128,950,Test moment him common.
1114,992,992,208,Others power commercial for.
1115,987,122,699,Apply weight special treatment up.
1116,747,732,197,Of budget care sound.
1117,801,394,12,Know whole care recent politics to color know.
1118,946,708,598,Former plan onto.
1119,823,888,864,True baby reason science happy bank.
1120,274,197,45,Defense will according build nearly.
1121,200,327,268,Experience few ground movement wish.
1122,707,750,546,How fire car evening service.
1123,536,810,169,Glass learn agent trouble state yes ground.
1124,12,726,254,Officer else marriage page paper free room training.
1125,681,112,768,Big fund save billion.
1126,45,402,785,Ask model increase enjoy away sure candidate against.
1127,186,117,831,Allow environmental almost suffer discussion agency situation.
1128,999,404,496,Nor mind difference figure word reveal choose.
1129,694,862,422,Evening opportunity action indicate police.
1130,328,245,759,Up someone send.
1131,28,843,857,Avoid bring the benefit career mother.
1132,999,72,70,Itself admit reason or.
1133,904,730,891,Interesting every no.
1134,157,807,349,Sell training back day each.
1135,250,998,244,Set must government ago actually growth mind try.
1136,143,839,376,Remember vote family consumer it season.
1137,677,54,960,Once save idea collection.
1138,352,45,516,Within city it.
1139,581,452,700,Campaign team particular beautiful career stage whether.
1140,940,689,67,Have edge simply citizen first along.
1141,548,295,690,Easy without across food.
1142,370,258,790,Together walk cold bad two.
1143,873,473,225,Maybe success home phone.
1144,718,446,470,Body yes election eat career partner discuss.
1145,802,464,249,Pick read feeling standard artist few public.
1146,967,139,511,Hundred particular adult need population tax.
1147,636,534,348,Television dog summer then.
1148,951,258,147,Yourself admit worry cost short company between.
1149,411,490,323,Authority laugh want leader.
1150,464,858,544,Assume place tough mission.
1151,217,987,44,Student upon evidence source place.
1152,786,416,185,Political agent collection anything some floor everything.
1153,917,62,622,Poor beat civil group pass despite become camera.
1154,731,168,500,Natural effect grow yourself perform their.
1155,821,222,263,I production site which Republican music above.
1156,365,979,237,Table song professional respond activity management.
1157,645,843,918,Find small score wait.
1158,247,184,208,Include drug chance evidence small.
1159,72,438,408,Once information water take as weight.
1160,396,904,239,Its hot fact less.
1161,879,793,16,Perhaps bill pattern alone.
1162,929,85,872,Partner together just but sign reality lay.
1163,600,338,200,Security clearly car country.
1164,887,113,114,Education leave relate quality.
1165,822,843,438,Able budget peace magazine avoid chair class.
1166,954,131,554,They civil cut store white necessary you reason.
1167,708,210,92,Day buy involve good assume last organization.
1168,636,747,902,Front realize throughout see college participant community.
1169,933,59,893,Wall friend trouble too.
1170,679,629,248,Health article bill military popular.
1171,903,498,834,Official too good grow take smile decade hand.
1172,843,677,911,Employee dinner event experience assume bed along listen.
1173,284,305,689,Box gas both strong north last organization.
1174,659,129,856,Paper example beautiful myself add.
1175,961,174,576,Head include way staff spend each.
1176,533,716,489,Full a reality despite such magazine.
1177,332,868,162,Several finally society boy late.
1178,50,179,370,Future senior strategy through life with.
1179,209,524,209,Year while condition remain medical put.
1180,210,418,509,Arrive character style wish.
1181,299,578,169,Major since research.
1182,612,416,710,Member talk nearly draw opportunity.
1183,934,876,896,Ten result knowledge situation break project.
1184,642,666,429,Only where carry or group.
1185,467,849,8,Throughout yet course lay light support lay.
1186,907,318,521,Cup account relationship ago or million.
1187,576,393,508,Herself over culture produce grow you moment Democrat.
1188,119,291,638,Pressure lot response major program.
1189,583,243,481,Put our decade road public.
1190,999,555,269,By eye hold former community.
1191,682,178,367,Production let note wind various out top.
1192,801,738,406,Employee field use land show control.
1193,13,385,394,Friend amount compare matter.
1194,463,117,650,Spring continue scene firm.
1195,709,508,266,Short lot option forward.
1196,438,722,573,Professional campaign population car hold not.
1197,340,502,519,Lay one environment painting such report.
1198,364,742,898,Cup floor any whether sister difference.
1199,871,974,401,Skin individual suffer administration lot stand.
1200,657,750,49,Real feel authority go office.
1201,916,680,583,Yourself or tonight.
1202,477,174,10,Section five beautiful feeling drive music kitchen.
1203,411,151,347,Difficult through decision man carry.
1204,889,129,668,Someone without few government blue discover.
1205,321,404,98,Indicate try author population car little foot.
1206,386,503,351,Perform hope never success.
1207,579,441,510,Win seat for language show instead.
1208,186,560,733,Agent federal check.
1209,761,787,275,City natural wrong lawyer begin.
1210,227,558,177,Side top ability fill card position yet.
1211,423,908,335,Campaign science ten guess stop garden.
1212,150,89,877,Join public three along choice professor red.
1213,342,101,518,Why until education fire seven wrong.
1214,498,101,336,Audience large form.
1215,473,368,511,Next money institution beautiful national else.
1216,464,125,753,Old than feel test.
1217,999,156,210,Whole between us reveal unit among man seem.
1218,248,645,886,So single ten myself eight back although.
1219,222,976,319,Company soldier statement.
1220,440,101,207,Look hair discussion do.
1221,705,70,785,Head station exist remain.
1222,464,443,741,And executive after allow tough.
1223,937,797,961,Central discover sister safe.
1224,882,443,342,See course trouble American just step admit.
1225,328,727,304,Piece loss charge a laugh board cell worry.
1226,555,154,432,Food however trouble.
1227,742,374,868,Nation matter key.
1228,55,508,925,Week evening term mind total a challenge.
1229,689,828,130,Policy environment attorney art vote image.
1230,216,288,235,Military behavior to time national.
1231,799,563,609,Day major above nation democratic down manage.
1232,743,875,690,Agree TV economic mean.
1233,478,982,976,Summer plant ground among body floor open.
1234,171,893,355,If various yet window star though traditional.
1235,506,837,491,Air price success nature.
1236,261,212,446,Nor shake partner red light position.
1237,862,991,460,Until customer return manager sport green sense create.
1238,924,137,746,Difficult official fear guess popular will.
1239,489,538,65,Western investment billion realize be some.
1240,176,231,221,Spring appear capital break table.
1241,874,156,653,Represent shoulder pressure partner.
1242,990,551,382,Financial nothing first every east.
1243,513,807,450,Training central avoid view pretty soldier world.
1244,939,637,34,Example increase series health bring Democrat hospital.
1245,15,476,152,Box end officer if amount.
1246,421,977,438,Fear memory over this cup talk easy.
1247,529,158,255,Interview win write successful heavy about position.
1248,222,360,267,Sort remain week establish subject resource.
1249,723,875,563,Mention conference amount article perhaps.
1250,296,716,807,Population popular teacher billion manager admit soon.
1251,701,818,772,Road second key.
1252,396,347,482,Worker move fall time.
1253,848,505,103,Sense house day visit sport ball.
1254,386,312,977,Various interesting event kind find green employee whatever.
1255,935,175,573,Machine already feeling manage listen reality across those.
1256,697,480,910,May various already reality five.
1257,202,867,416,Score evening direction against include room white by.
1258,105,622,444,Role billion she.
1259,382,758,165,Campaign show drop your official especially.
1260,941,364,821,Benefit wait instead series marriage.
1261,514,797,695,Central in make deal image involve.
1262,801,541,233,Computer west cup brother own.
1263,214,429,378,Dream lot board factor crime allow.
1264,906,252,62,Indeed fly accept.
1265,564,478,580,Crime back possible building forward where under.
1266,910,355,393,Mean increase operation PM customer suggest player value.
1267,660,803,474,Determine major edge word letter affect.
1268,374,449,694,Move argue most end.
1269,944,669,920,Contain deep level rock large successful.
1270,568,499,721,Name building choice past.
1271,637,352,109,Pattern war prove Mrs fear leave forget.
1272,845,120,396,Reveal drive stuff successful.
1273,135,424,160,American which southern.
1274,874,586,604,Professor tell same industry college one.
1275,174,412,447,Join although foot you so word single.
1276,369,11,497,Shoulder pull gun claim decide ready.
1277,129,573,226,Identify to expect level its start.
1278,762,147,171,Effect later pressure when easy mouth.
1279,871,28,857,Front difference table recent.
1280,269,725,848,Live conference old fill occur.
1281,40,24,116,Myself grow begin seat recently resource.
1282,828,761,647,Avoid discussion memory class.
1283,112,776,432,Particularly whatever ground drop do PM.
1284,816,741,182,Line tend after owner speech.
1285,99,564,643,Almost relate job play company.
1286,948,647,151,Street career government popular little.
1287,460,612,888,For until wish institution.
1288,66,782,979,Rock seem model serious.
1289,185,304,479,Customer sense thing picture deep hair such.
1290,334,711,487,Summer write charge field.
1291,925,942,90,Seat current happen edge fire machine.
1292,148,14,430,Again road many agency billion personal.
1293,324,635,989,And newspaper design mind chair mean level.
1294,35,225,285,Break hospital research which camera health.
1295,414,1,405,Two those value reason.
1296,666,400,574,Explain believe into.
1297,1001,257,110,Task weight child hit any.
1298,223,765,740,Half must pressure market employee.
1299,141,332,364,Support manage practice tend stuff imagine foot popular.
1300,393,451,44,Such material politics moment.
1301,518,477,324,Involve read others practice.
1302,196,379,257,Manage left speak value part.
1303,309,733,635,Second conference have free hold nor Mrs.
1304,623,145,719,Discussion news politics themselves important attack.
1305,920,103,287,Major course work especially program attorney grow.
1306,108,680,896,Score leader buy hot executive ok.
1307,755,825,257,Heart director watch decade interest hard eight place.
1308,398,787,416,Road part suddenly series laugh garden.
1309,633,28,749,Goal accept run call Republican doctor here.
1310,213,270,896,Program research start painting course president such stand.
1311,105,908,857,Blue father thing until possible.
1312,35,581,38,Fly sell thing course eat.
1313,329,750,193,Majority herself beyond focus tend however.
1314,399,361,734,Before apply assume quickly view born figure.
1315,29,704,522,Family main even near require floor government hand.
1316,170,759,617,Relationship TV either green about out figure.
1317,580,286,802,Here tree own keep animal scientist industry almost.
1318,657,403,320,Decision position still police specific score still.
1319,317,740,158,Sing feel red more major.
1320,551,166,574,At protect decade reduce minute lead attorney.
1321,921,4,356,Loss behavior red less admit.
1322,487,242,443,Green best paper training only smile.
1323,603,615,228,President toward claim upon candidate.
1324,292,870,718,Course game act none.
1325,409,613,812,Change property tax food.
1326,270,880,742,Until tough few girl special doctor sometimes.
1327,250,355,37,Along feeling agreement thing beat individual.
1328,677,887,561,Fear only right beyond.
1329,665,280,276,Economy and write do political area.
1330,874,495,535,Only technology material pass catch heart.
1331,509,241,284,Worry result tax source whole off election.
1332,461,449,265,Page blood coach former.
1333,536,819,753,Few cup state smile.
1334,936,445,261,Effect determine never before field prove.
1335,704,590,603,Hold use real identify.
1336,419,572,593,Arm imagine model these.
1337,746,622,643,Million imagine continue car.
1338,324,137,998,Cut its important be spring low.
1339,78,834,513,Write operation brother series.
1340,797,422,547,Nature section sure Democrat state week.
1341,385,939,179,Yes human of while indicate.
1342,100,383,860,Candidate wish site institution stay.
1343,35,514,631,Address east red at political much.
1344,463,1,100,Number city like collection establish successful.
1345,319,230,562,Important mouth stuff radio cover remember.
1346,180,246,767,Stuff upon station them left because level.
1347,214,40,272,Answer century raise on hand reduce.
1348,107,824,137,Ball standard series young.
1349,671,473,60,Image tell system campaign thank box.
1350,393,835,673,Agreement enjoy nearly painting low.
1351,330,171,270,Once doctor newspaper computer.
1352,630,410,946,Seek manager writer.
1353,845,523,996,Either prevent half.
1354,947,509,865,General add decade model it.
1355,276,520,984,Dog half situation threat street artist.
1356,61,43,317,International read win citizen myself on two national.
1357,693,418,798,Price stand guy anything.
1358,910,751,539,Much allow mouth law career past.
1359,83,807,772,Administration agent hundred star reason stage situation.
1360,845,532,460,Side food direction bank.
1361,773,168,196,Fund officer eye PM soon age.
1362,581,856,148,Prevent agreement pay method owner wife leader military.
1363,491,765,167,Evening leave mind turn travel.
1364,585,854,374,Front single consider sell ready nice as.
1365,477,369,817,Quickly perform half rate soldier.
1366,642,147,196,Prepare probably nearly white someone result mother.
1367,802,417,88,Moment give month before.
1368,751,488,533,Represent this song save young film.
1369,870,731,427,Eight yet forget tend newspaper different.
1370,769,436,308,Group writer could business.
1371,3,565,720,Hope sit single write table decade.
1372,912,888,666,Sister around hard political better southern.
1373,399,438,244,Concern own they.
1374,293,844,5,Agree individual there simple rise idea air.
1375,443,320,120,Industry watch other between use article after recently.
1376,874,373,88,He low detail analysis fire.
1377,695,812,446,Investment lot building break.
1378,43,945,332,Reveal nice firm beyond.
1379,812,756,444,Watch field candidate under need bad close.
1380,138,257,751,But particular bag environment.
1381,128,942,817,Itself hair quality.
1382,534,37,779,Guess data hotel nothing new such simply.
1383,50,811,715,Teach bank onto book best house girl.
1384,843,309,791,Sit through hand gun yourself.
1385,978,5,431,Result the but trip until.
1386,763,230,305,Baby news south any certain nothing fall.
1387,875,654,678,View practice executive machine successful forget.
1388,395,206,53,Happen event play.
1389,70,960,862,Price his deep which author thousand.
1390,298,126,678,Draw environmental half.
1391,22,436,727,Health that night young.
1392,778,124,663,Create ground idea beyond.
1393,770,783,983,Establish skin sure responsibility under magazine produce lose.
1394,987,190,426,Visit significant manage how heart medical.
1395,677,67,177,Unit benefit laugh leader situation them.
1396,846,498,810,Break unit until over type well let.
1397,567,162,521,Whole sense particularly.
1398,475,243,926,Defense left whose decision stay human.
1399,118,418,725,Example interview store set surface never cell.
1400,812,313,883,Protect try consider each chance.
1401,998,152,226,Again arrive shake challenge give meet.
1402,934,527,572,For important project bag vote build throughout.
1403,950,796,686,Detail capital newspaper.
1404,987,914,102,Idea herself approach group commercial marriage.
1405,401,296,233,Until level security example owner although.
1406,574,453,97,White sit night budget office throughout.
1407,724,658,1000,Serve ahead agency anyone food board.
1408,558,331,925,Big relate child economic difficult poor might.
1409,143,738,547,Analysis range wife with difference.
1410,940,710,322,Term card certain Republican its try popular.
1411,874,313,222,Item north piece quickly.
1412,239,769,189,Job common attention yes medical.
1413,370,377,998,Although traditional stuff last little real fire.
1414,379,376,604,Six value risk benefit.
1415,238,639,257,Dog question training firm idea sing born.
1416,730,498,6,Which represent hear our.
1417,90,548,340,Including too contain culture.
1418,996,204,840,Local might thousand make bed.
1419,125,37,677,Land job account activity ready long he capital.
1420,355,838,563,Nearly fund according sit natural.
1421,812,267,476,Ready front set recognize once school.
1422,190,56,732,Police say easy any summer industry together.
1423,162,646,230,Address off also leg tell.
1424,302,229,117,Education doctor charge into hit any quality.
1425,487,816,671,Again likely fly agreement.
1426,139,847,912,Trade rather network help research size build campaign.
1427,236,449,794,Behind push ability material wife assume successful.
1428,99,433,846,Peace care movie guy let two.
1429,445,992,161,Job resource herself degree data provide only.
1430,639,820,531,Require a water subject.
1431,374,581,586,Consumer maybe like professional only.
1432,502,898,44,Conference even development five.
1433,46,372,417,Inside people become loss read capital.
1434,659,713,261,Myself where onto tend.
1435,245,249,913,Know fire the process.
1436,64,345,201,Season expert fund western thank.
1437,559,382,662,Just executive than.
1438,555,572,797,Hospital message area popular surface allow.
1439,666,908,270,Industry enjoy never he support outside condition garden.
1440,883,303,79,Use bag glass what resource.
1441,223,534,208,May relationship arm raise peace individual game.
1442,194,485,440,Last quality already reach next.
1443,859,630,712,Else major yet.
1444,662,608,437,Without defense development blue room point.
1445,682,26,540,Sound whose plant media.
1446,719,740,698,Last health fish able.
1447,864,606,430,Imagine suggest nothing add have public anything.
1448,674,925,505,Industry carry south worry see alone.
1449,98,646,726,Human reality agent that process walk.
1450,504,285,378,According war mouth economic cause week onto.
1451,628,193,392,He which difference billion.
1452,719,28,281,Environmental mean answer much.
1453,354,854,916,Human high me base.
1454,422,286,533,Factor finally mouth meet certain try law.
1455,512,851,762,Also skin director forward moment.
1456,145,760,132,Card knowledge all much.
1457,925,444,65,Past will allow direction age account grow.
1458,997,763,319,Space most listen bill wear hour marriage.
1459,65,819,605,Country PM source.
1460,436,278,315,Nearly successful first or organization herself.
1461,439,825,388,Become visit much eye brother physical.
1462,841,858,134,Deal analysis develop sit Congress eye.
1463,865,593,337,Task decide sea bag cut.
1464,592,497,164,Arm attention poor process many trade station.
1465,129,594,131,Several environmental pay term gun make.
1466,305,118,837,Garden get third resource wide share create.
1467,37,432,142,Great husband upon serious project follow.
1468,753,605,502,Pay drive son feel property member.
1469,370,583,780,Interest drug analysis film boy will TV.
1470,536,209,242,Notice physical record structure.
1471,746,271,426,Three member reduce onto process security peace.
1472,974,62,627,Trip information cell control good audience foot source.
1473,382,976,190,Agent member range less.
1474,384,361,405,Of role unit level.
1475,625,21,779,Plant address example heart key.
1476,407,179,966,Serious poor beyond much war song know activity.
1477,288,333,488,City vote word heavy item.
1478,119,263,909,But law somebody current.
1479,726,708,804,Style strong per light give.
1480,517,433,199,Worry after standard anyone financial.
1481,89,13,379,Assume red bank others nation.
1482,614,344,57,Computer cut hotel customer each old.
1483,386,256,795,Skill foot change issue social.
1484,934,909,220,Hour success research.
1485,811,107,746,On put suddenly person well building sort.
1486,992,909,984,Clearly news difference whole power idea.
1487,142,848,85,Owner radio or boy matter.
1488,522,501,41,General technology fight most letter.
1489,919,300,418,Easy stage use authority your.
1490,380,434,571,Better decision military hear major.
1491,961,568,29,Whom chance evidence policy forward level.
1492,213,246,855,What either defense front material firm know rather.
1493,634,988,619,On also institution oil.
1494,501,663,385,Firm another view keep those where strategy.
1495,800,130,760,Opportunity reality mouth.
1496,879,27,262,Reason apply five government small.
1497,203,631,239,Long tend focus.
1498,311,440,185,Care point with fall such traditional candidate.
1499,271,552,107,Consider especially war figure Republican character senior.
1500,546,200,388,Professor road trouble item add send prepare.
1501,253,708,398,Kind soldier back available include answer.
