1,Hardware Engineer,Tyler Ltd,East Michael,67062
2,Consultant,"Morgan, Fitzgerald and Morgan",West Steven,122169
3,Test Engineer,Richard-Smith,West Timothyberg,116834
4,DevOps Engineer,"Wilson, Williams and Anderson",Cynthiaton,114047
5,Mechanical Engineer,Garcia-Patterson,Carlsonshire,66467
6,Research Assistant,Beard-Miller,West Ethanchester,122376
7,Test Engineer,Bradley-Miller,Sarahhaven,76538
8,Data Scientist,Beasley-Kramer,South Anthony,95117
9,Product Manager,"Ballard, West and Dean",Davisport,91274
10,Research Assistant,"Braun, Newton and Bell",Thompsontown,160662
11,Test Engineer,Gonzalez Group,Bennettberg,122266
12,Research Assistant,Ward Ltd,Wrightside,69777
13,DevOps Engineer,Mcdonald-Short,Pachecomouth,108854
14,Data Analyst,Gardner-Lara,North Heather,165478
15,Security Engineer,Moody-Watson,Anneshire,107803
16,Product Manager,Smith-Chandler,Rickyfort,143548
17,Operations Analyst,"Sutton, Kirby and Baker",North Miranda,126201
18,Mechanical Engineer,"Phillips, Johnston and Moore",South Jackborough,149203
19,Consultant,Morgan and Sons,Abbottport,84901
20,Hardware Engineer,"James, Bishop and Bowman",South Morgan,143919
21,Consultant,"Hoover, Sanchez and Lucas",South Peterland,148861
22,Operations Analyst,Perry Ltd,Helenburgh,83936
23,Product Manager,"Velasquez, Clark and Thomas",Wandaville,127326
24,Electrical Engineer,Wallace-Franco,Patrickton,109004
25,Network Engineer,"Floyd, Jones and Davis",Lake Anthonyfurt,175797
26,Operations Analyst,"Howard, Higgins and Carson",Jamesmouth,98207
27,Network Engineer,"Tate, Flores and Reynolds",Heatherfurt,85179
28,Consultant,"Hall, Kim and Cantrell",Benderfurt,173763
29,Data Scientist,"Villarreal, Brown and Ward",Lifurt,134682
30,Network Engineer,Savage Ltd,Lake Dawnburgh,174183
31,Test Engineer,Morris-Brown,Josechester,141495
32,System Architect,House Inc,Hollandport,65233
33,Product Manager,Young Inc,Ericahaven,71201
34,Cloud Engineer,"Morales, Morales and Yates",Lake Tiffanyfurt,111241
35,Hardware Engineer,"Rodriguez, Kennedy and Lee",South Davidview,127098
36,Project Coordinator,"Booker, Bauer and Estrada",West Ronaldtown,85005
37,Data Analyst,Schneider Group,Lake Danieltown,74757
38,Cloud Engineer,Johnson-Morgan,Nelsontown,172644
39,Electrical Engineer,Medina-Thompson,New Megantown,112026
40,Data Scientist,Francis-Barrett,New Davidmouth,175446
41,Mechanical Engineer,Lynch Ltd,Lake Tina,80811
42,Mechanical Engineer,"Mooney, Kirk and Warner",Lake Emilyland,165819
43,Product Manager,Edwards Inc,West Lisaport,147570
44,Data Analyst,"Strong, Clark and Williams",Port Stevenburgh,70540
45,Mechanical Engineer,"Lewis, Turner and Taylor",New Kathleenfurt,71907
46,DevOps Engineer,Garcia Inc,Lake Dylan,150797
47,Operations Analyst,Ortiz and Sons,West Sierra,90165
48,DevOps Engineer,Fernandez-Preston,East Anthonybury,79553
49,Test Engineer,Mcbride-Mendoza,New Davidside,158591
50,Operations Analyst,"Johnson, Thompson and Booker",South Nicolefort,175178
51,Product Manager,"Garcia, Combs and Ruiz",North Steven,136278
52,Product Manager,"Love, James and Stone",Roseberg,96934
53,Data Scientist,Thornton-Johnson,Carterhaven,120559
54,DevOps Engineer,"Sherman, Miller and Stewart",Elizabethmouth,104636
55,Product Manager,"Lee, Martin and Lee",South Amber,155815
56,Data Scientist,Jacobs-Gutierrez,East Brandon,125806
57,Hardware Engineer,Gonzalez-Chandler,Kristitown,86220
58,Product Manager,"Deleon, Cooper and Short",Caitlinport,94629
59,Cloud Engineer,Reid LLC,Ambershire,86242
60,Business Analyst,Aguilar Group,Patelville,114326
61,ML Engineer,Wright Group,Port Brendaland,152120
62,Hardware Engineer,Casey-Brown,Raymondville,82391
63,Business Analyst,Fischer-Maldonado,Evansview,83034
64,Security Engineer,Gardner-Obrien,Lake Patricia,69506
65,Cloud Engineer,Blake Inc,New Danielburgh,154236
66,Software Engineer,Newton Ltd,Clarkefort,124363
67,Network Engineer,"Rose, Bates and Hayes",Penaview,176539
68,Network Engineer,Morrison LLC,North Tammy,70454
69,UX Designer,Young-Rodriguez,North Christopher,78807
70,ML Engineer,Brown Group,Victoriaview,129216
71,Network Engineer,Padilla PLC,West Alyssa,81121
72,Product Manager,Smith-Pittman,North Chad,113457
73,Operations Analyst,"Chapman, Ibarra and Wallace",East Shelbyshire,131015
74,Electrical Engineer,Rivera-Dixon,New Randy,142132
75,Software Engineer,"Clark, Thomas and Allen",South Nicole,166504
76,Security Engineer,Rubio PLC,Patelchester,61607
77,DevOps Engineer,"Thompson, Jones and Johnson",West Kimberly,101776
78,Business Analyst,"Bryan, Reid and Freeman",Lake Luis,137608
79,DevOps Engineer,"Lee, Lynch and Webster",Lake Briannashire,67537
80,Electrical Engineer,Rodriguez-Bush,Lake Christyburgh,82883
81,Data Analyst,George-Miller,North Colleen,61749
82,DevOps Engineer,"Elliott, Wade and Smith",Drewborough,78718
83,Network Engineer,Berry Ltd,Wheelerville,164407
84,Project Coordinator,"Phillips, Jenkins and Lewis",North Emilyburgh,179732
85,Cloud Engineer,Watkins-Cannon,Port David,149824
86,Data Analyst,Mcconnell Ltd,Patrickborough,85660
87,Network Engineer,"Crawford, Davis and Gilbert",New David,122789
88,Data Scientist,"Anderson, Flores and Hood",Robertside,83545
89,ML Engineer,Carter-Dillon,New Chad,70654
90,UX Designer,White Inc,Port April,139402
91,Electrical Engineer,Gomez-Petersen,Guerreroberg,89187
92,Hardware Engineer,Rojas PLC,Dodsonview,60390
93,Operations Analyst,"Wilson, Harris and Lopez",East Christophermouth,73900
94,Business Analyst,"Williams, Lawson and Gonzales",Coffeyberg,66325
95,Software Engineer,Moses Group,South Hector,90880
96,DevOps Engineer,Mason-Taylor,Millerport,161476
97,Data Scientist,Morales LLC,Mortonhaven,90077
98,System Architect,Adams-Freeman,West Jamesberg,178991
99,Security Engineer,Morris-Jackson,Christianberg,130328
100,Hardware Engineer,"Lewis, Cooke and Cunningham",South Michelleland,96161
101,Business Analyst,Perkins LLC,Simsstad,151300
102,Operations Analyst,"Vega, Herrera and Morrison",South Harold,170372
103,System Architect,Barnes Inc,Eduardoview,112890
104,Software Engineer,"Fuentes, Dawson and Anderson",Lake Jennifershire,70406
105,Project Coordinator,Barnes-Collins,New Leah,145592
106,Business Analyst,"Morrow, Davidson and White",Port Johnathanport,156026
107,Project Coordinator,Finley PLC,Charlesport,121245
108,ML Engineer,"Lucas, Christian and Dudley",Charlotteland,83150
109,Test Engineer,"Griffith, Ortiz and Hunt",New Melissastad,63223
110,Software Engineer,Barron PLC,Jamieland,88051
111,Hardware Engineer,Jackson-Cook,North Elizabeth,167354
112,Hardware Engineer,"Gates, Robinson and Potts",West Mikeberg,91314
113,Mechanical Engineer,"Stephenson, Johnson and Ross",Port Tiffanystad,82106
114,Consultant,Ramirez-Fields,Greggside,175141
115,Hardware Engineer,Ruiz-Scott,Brendabury,73717
116,Research Assistant,Rose-Steele,New Lisafurt,159094
117,Research Assistant,Hooper and Sons,Lake Coreyborough,83206
118,Test Engineer,"Peterson, Brooks and Coleman",New Cindy,79015
119,Data Scientist,"Alexander, Stanton and Waters",Edwinstad,61223
120,Data Analyst,"Jackson, Hall and Casey",West Melvintown,82914
121,Software Engineer,Myers PLC,Bakerstad,82001
122,ML Engineer,Leonard Ltd,Port Johnchester,178382
123,Mechanical Engineer,Montgomery and Sons,West Joanberg,76736
124,System Architect,Klein LLC,Loribury,93968
125,Product Manager,"Arias, Mcknight and Jones",New Bernard,117556
126,Business Analyst,Lewis-Cervantes,Strongmouth,163817
127,Data Analyst,Page Group,Watsontown,134919
128,ML Engineer,Rodriguez-Sutton,Cookmouth,137467
129,Product Manager,"Munoz, David and Cruz",Jefferyshire,130037
130,System Architect,Johnson PLC,West Nicolefurt,66923
131,UX Designer,Henderson LLC,Kevinchester,136217
132,Data Scientist,Bennett LLC,New Ryan,62043
133,Cloud Engineer,"White, Rodriguez and Houston",Mitchellborough,105729
134,Product Manager,Thompson-Spencer,Hillshire,177610
135,Business Analyst,Green-Warren,Cheyennefurt,88273
136,Test Engineer,"Johnson, Mendez and Smith",Reyesmouth,77668
137,System Architect,Sanders-Black,North Steve,156328
138,Data Analyst,Williams Ltd,Grahammouth,73697
139,Product Manager,"Barnes, Adams and Robinson",Harrishaven,112934
140,Operations Analyst,Davis-Johnson,Laurentown,174676
141,UX Designer,Martin-Flores,South Johnny,131444
142,Data Analyst,Arnold-Alvarez,Lake Arthurview,106284
143,UX Designer,"Bautista, Shields and Stewart",Millerhaven,178287
144,Cloud Engineer,Morris-Bass,Johnstad,172487
145,ML Engineer,Myers Inc,West Desiree,67727
146,System Architect,"Smith, Walsh and Jones",Laurenburgh,60163
147,Operations Analyst,Hammond and Sons,West Sandra,123936
148,Product Manager,Mccullough PLC,North Michaelborough,175344
149,Cloud Engineer,"Garcia, Walker and Thompson",Grantland,68051
150,Test Engineer,Le-Donaldson,South Michelleshire,71126
151,UX Designer,Jackson PLC,Allenmouth,109217
152,Operations Analyst,"Dominguez, Davis and Lewis",West Brianchester,162732
153,UX Designer,"Walker, Lane and Velez",West Richard,67520
154,Project Coordinator,Hicks-Thomas,West Keithfort,133842
155,Test Engineer,West PLC,East Kevinland,174391
156,Software Engineer,Smith-Lewis,New Anthonyport,154055
157,Consultant,"Meza, Roberts and Anderson",New Brandonfort,85310
158,Product Manager,"Stevenson, Parker and Wood",Meganton,100560
159,Cloud Engineer,"Khan, Russell and Torres",Nicolemouth,157439
160,Mechanical Engineer,Evans-Peterson,West Jameschester,93188
161,Network Engineer,Maxwell-Taylor,Johnsonland,114687
162,Operations Analyst,Porter Group,Matthewburgh,107976
163,Data Scientist,"Villa, Price and Cooley",Jeffreymouth,111997
164,System Architect,Lloyd and Sons,South Lindsay,111298
165,Software Engineer,Fischer LLC,South Amber,114023
166,Cloud Engineer,"Johnson, Ramos and Scott",Heatherside,139452
167,Product Manager,Medina and Sons,Eddieside,85377
168,Hardware Engineer,Flynn Group,Stewartchester,169725
169,Product Manager,Horton Ltd,North Blakefurt,148515
170,Hardware Engineer,"Wilson, Ray and Allen",Quinnport,86526
171,Business Analyst,King-Whitaker,Phammouth,159291
172,System Architect,"Wells, Harris and Fernandez",Lake Kimberlymouth,64528
173,Data Analyst,Mcfarland-York,Martinville,75264
174,Consultant,Williams-Spencer,New David,83132
175,UX Designer,"Miller, Perez and Oconnor",North Williamview,161454
176,Business Analyst,"Wright, Mason and Davis",Smithside,67684
177,Cloud Engineer,"Gordon, Lopez and Little",Kleinhaven,108694
178,System Architect,Ward-Harvey,Lake Sharonfort,132787
179,Electrical Engineer,"Robbins, Adams and Anderson",North Victoria,95160
180,ML Engineer,Pacheco LLC,Lake Jenniferton,166303
181,UX Designer,Carroll-Harvey,Michaelhaven,104503
182,Consultant,Taylor-Bradford,Lake Amandamouth,64460
183,Business Analyst,Ray-Hancock,East Lisachester,75456
184,Research Assistant,Calderon LLC,Suzanneburgh,178674
185,Cloud Engineer,Miller-Gonzalez,New Taylormouth,145940
186,Data Analyst,Allen-Brown,Hughestown,134471
187,Mechanical Engineer,"Davis, Perez and Gordon",Port Shanetown,145597
188,Security Engineer,Kim-Phillips,North Thomas,143911
189,Data Scientist,"Dawson, Strong and Mckee",New Ryan,129949
190,Business Analyst,Murray-Walsh,North Marcmouth,132108
191,Business Analyst,"Yates, Ross and Avila",Cuevashaven,101505
192,Product Manager,Richards-Robertson,North Donna,131467
193,Software Engineer,Collins-Soto,East Natalie,111730
194,Hardware Engineer,"Norris, Robinson and Hernandez",North Mary,108345
195,Consultant,Faulkner-Lloyd,Coryshire,80055
196,Data Analyst,"Walton, Patel and Hines",North Sharon,72450
197,Project Coordinator,"King, Clayton and Petersen",Port Amymouth,117758
198,Security Engineer,Ramirez-Ferguson,East Matthew,69949
199,Network Engineer,Cordova-Weaver,Gabrielaview,169130
200,Research Assistant,"Swanson, Thompson and Burns",Edwardsstad,135205
201,Electrical Engineer,Garcia and Sons,East Michael,128931
202,Project Coordinator,Hardin Group,Brenttown,121927
203,DevOps Engineer,Baker-Osborne,Lake Jerrymouth,169944
204,Product Manager,Burke-Rivera,North Caitlynbury,61211
205,UX Designer,Peterson-Alexander,West Reginaberg,175893
206,Mechanical Engineer,"Castillo, Smith and Hall",Port Julie,84717
207,DevOps Engineer,"Paul, Marks and Boyer",North Brandiville,112660
208,Operations Analyst,Fuentes PLC,Port Angelaberg,84231
209,Network Engineer,"Stevens, Jackson and Johnson",Stevenfurt,100939
210,Test Engineer,Brown-Nelson,North Jennifer,94080
211,ML Engineer,"Rivera, Brooks and Wood",North John,72919
212,System Architect,Carroll-Edwards,Hillport,74738
213,Product Manager,Miller-Mccall,Lake Garrett,101924
214,Hardware Engineer,"Oneill, Spencer and Durham",Kathrynhaven,177699
215,Software Engineer,"Smith, Cobb and Taylor",North Patrickchester,84529
216,ML Engineer,"Schmitt, Davis and Miller",Ryanland,87110
217,Mechanical Engineer,Martinez-Anderson,Port Elizabeth,76233
218,Test Engineer,Hinton-Bowen,Debrafort,106995
219,Consultant,Heath PLC,Robinsontown,60825
220,Research Assistant,"Perez, Nunez and Richards",North Paul,99942
221,Business Analyst,Farmer PLC,Lake Carolburgh,125672
222,Network Engineer,Thomas-Krueger,Harrisborough,131653
223,Mechanical Engineer,"Miller, Gutierrez and Roberts",Port Brittany,66987
224,Hardware Engineer,Cooper-Hardy,North Joseph,152299
225,Data Scientist,Martinez PLC,East Stephanie,99570
226,Project Coordinator,Lawrence Inc,Lake Jasminefort,145456
227,UX Designer,"Benjamin, Meadows and Miller",Samanthaville,169274
228,Research Assistant,Kim Inc,Deniseborough,89017
229,Business Analyst,Smith PLC,Matthewport,129460
230,Business Analyst,"Johnson, Dodson and Lawson",Ramirezview,131405
231,Business Analyst,Pitts PLC,North Johnview,142644
232,Operations Analyst,Stone LLC,Pruittshire,80382
233,Security Engineer,"Aguilar, Lester and Carson",Marcushaven,81460
234,Cloud Engineer,Clay-Mckenzie,East James,87759
235,Business Analyst,Torres Inc,West Michael,131986
236,Security Engineer,Johnson LLC,Lake Ianborough,125969
237,Business Analyst,"Barrett, Short and Douglas",New Eric,135995
238,Network Engineer,Henderson-Wagner,Lewisfort,143354
239,Software Engineer,Aguilar and Sons,Carpenterberg,98076
240,Test Engineer,Ramirez-Curry,Stephaniestad,170331
241,Electrical Engineer,"Torres, Villegas and Monroe",Wendyhaven,94603
242,Product Manager,Stewart and Sons,South Michaelbury,127836
243,Product Manager,Smith-Nelson,Kurtland,175570
244,Security Engineer,Thomas Group,West Leahstad,138828
245,Research Assistant,"Hanson, Green and Reed",Turnerfurt,104023
246,Test Engineer,"Smith, Castaneda and Williams",South Michael,101651
247,ML Engineer,Carter-Ramirez,Jonesburgh,131576
248,Project Coordinator,"Hernandez, Jacobs and Herrera",Angelahaven,152294
249,ML Engineer,Campbell-Williams,Port Chelsea,86661
250,System Architect,Marsh-White,Port Hollyfurt,98536
251,Security Engineer,Weber Ltd,Port Teresa,94096
252,Operations Analyst,"Lewis, Le and Romero",Port Sarah,65696
253,Test Engineer,Edwards-Bullock,North Patrick,116045
254,Network Engineer,Hunt-George,Terryton,133567
255,Consultant,Wood-Coleman,North Daniel,138996
256,Test Engineer,"Johnson, Schaefer and Hendricks",Hendersonmouth,105654
257,DevOps Engineer,Shaffer-Orozco,West Lisa,123677
258,Consultant,Casey Ltd,West Chadchester,136093
259,UX Designer,Chen-Hall,Brittanyhaven,128277
260,ML Engineer,"Taylor, Chandler and Miller",Christopherbury,178674
261,Hardware Engineer,Wood-Nguyen,Elizabethland,160318
262,Cloud Engineer,Rogers-Roberts,Brianside,96846
263,Security Engineer,Watts-Stevens,Charleshaven,130530
264,Research Assistant,Stephens Group,West Crystalbury,117002
265,Product Manager,Moore PLC,West Rodneymouth,151073
266,DevOps Engineer,"Anderson, White and Brock",Newmanview,102757
267,Software Engineer,Mcclure-Taylor,Gregoryshire,87854
268,Hardware Engineer,"Young, Mccoy and Bell",East Christinemouth,97749
269,Data Scientist,Aguirre Ltd,Jasonmouth,121953
270,DevOps Engineer,Clayton-Ramirez,South Lori,66562
271,Operations Analyst,Higgins PLC,Haysshire,114622
272,DevOps Engineer,Meyers Group,North Aprilberg,167823
273,Data Scientist,Perez-Smith,Wagnerberg,119936
274,DevOps Engineer,"Williams, Foster and Bauer",Lake Gabrielton,103761
275,ML Engineer,Henry Ltd,North Whitneyside,70349
276,Mechanical Engineer,"Thornton, Vasquez and Browning",New Samuelfurt,88869
277,Mechanical Engineer,Rice and Sons,Carlfurt,161420
278,System Architect,Burns-Evans,East Michael,108461
279,Network Engineer,"Phillips, Golden and Johnson",Austinfurt,132921
280,UX Designer,"Ramsey, Ellis and Morse",Williamshire,126220
281,Data Scientist,"Hamilton, Donovan and Lewis",New Gina,151840
282,Product Manager,Grant-Bennett,New Thomasview,68057
283,Product Manager,"Ferguson, Gomez and Jackson",North Ericport,77674
284,UX Designer,Ford-Rasmussen,Smithfort,77091
285,Hardware Engineer,Alvarez Inc,Kristinport,63454
286,Research Assistant,"Wilcox, Cook and Booker",New Stephaniemouth,118529
287,Security Engineer,Allen and Sons,West Oscar,65357
288,Consultant,Lopez PLC,North Amyland,123442
289,Business Analyst,Mccarty-Henderson,East Wyattport,171906
290,Business Analyst,Carson Inc,Carlsonland,144905
291,Product Manager,"Casey, Hart and Fletcher",South Christophertown,100917
292,UX Designer,"Hughes, Duncan and Mckee",Fieldsport,178923
293,Business Analyst,"Bernard, Hall and Miller",Port Valerie,113211
294,Security Engineer,"Lopez, Cortez and Finley",Carterside,74736
295,Test Engineer,"Welch, Moore and Jordan",West Natalieside,136710
296,Security Engineer,"Smith, Johnson and Brennan",Sherrichester,60856
297,Test Engineer,Raymond-Austin,Jennifertown,66114
298,System Architect,Sexton-Smith,Johnborough,92982
299,UX Designer,Hanson-Anderson,Colleenshire,163552
300,ML Engineer,Simmons PLC,Marcusshire,171494
301,DevOps Engineer,"Grimes, Mullins and Rhodes",New Gregoryton,98852
302,Hardware Engineer,Munoz Group,South Amandachester,170262
303,Security Engineer,"Davis, Valenzuela and Dean",Matthewstad,177099
304,Electrical Engineer,Doyle-Gonzalez,New Jefferyton,102853
305,Operations Analyst,Higgins PLC,Stevenbury,172402
306,Data Scientist,Mendez Inc,Chandlerside,122995
307,DevOps Engineer,Good-Garcia,Bowersville,142852
308,Data Analyst,Ward-Wright,East Jose,130380
309,UX Designer,"Dudley, Rivera and Taylor",Danielburgh,179744
310,Business Analyst,Smith Ltd,North Tiffanyside,90713
311,UX Designer,"Harris, Cunningham and Edwards",Waynefurt,127825
312,Business Analyst,Webster Group,Johntown,108703
313,UX Designer,"Wilson, Wood and Schultz",North Ellenborough,139424
314,Cloud Engineer,Porter and Sons,Ayalabury,80338
315,System Architect,Jordan-Gibson,Lefort,166479
316,System Architect,Brooks Ltd,Elizabethside,67944
317,System Architect,Escobar Group,New Charlotte,149784
318,Hardware Engineer,Cruz-Martin,Robertstad,170705
319,DevOps Engineer,King Ltd,Ayalaberg,79599
320,Software Engineer,"Mata, Holland and Anderson",Beanfurt,105318
321,Consultant,"May, Bishop and Ramos",West Scott,162155
322,Operations Analyst,"Griffin, Barber and Hayes",South Hannahland,90801
323,Data Analyst,"Sullivan, Gallagher and Potts",Lake Robert,66167
324,DevOps Engineer,Wheeler Inc,Hardinburgh,105058
325,Cloud Engineer,Russell-Romero,Lake Victorland,167288
326,Network Engineer,Collins-Robinson,North Sandra,103190
327,Project Coordinator,Hernandez Group,Schmidtfurt,110646
328,Operations Analyst,Hawkins-Tran,South Markmouth,178113
329,System Architect,Hall-Jennings,Port Jennifer,114698
330,Product Manager,"Harrison, Reyes and Johnston",Bellmouth,116883
331,Security Engineer,Patton-Weaver,New Williamport,117882
332,Cloud Engineer,Campbell-Brown,Christiantown,113969
333,Network Engineer,Ruiz-Key,Martinezfort,104953
334,Software Engineer,"Conner, Wright and Cooper",Wilsonbury,74651
335,Consultant,Herrera-Wilson,South Monicafurt,179004
336,Operations Analyst,"Hampton, Brown and Mcguire",South Markborough,106940
337,Test Engineer,Woods-Garcia,South Misty,166617
338,Project Coordinator,Smith-Dawson,Lake Melissa,64462
339,Product Manager,"Coleman, Hernandez and Torres",Chadstad,178860
340,ML Engineer,Bennett-Lambert,New Tiffany,95173
341,ML Engineer,"Ramos, Hartman and Evans",Port Justin,117583
342,Software Engineer,Brewer Group,East Nicholaschester,131684
343,ML Engineer,Robinson Group,Kimberlyhaven,100617
344,Operations Analyst,Horton-Day,North Lisa,172922
345,Operations Analyst,"Stewart, Chandler and Hayden",Nathanielbury,98903
346,Research Assistant,Rowland-Ellison,New Audrey,90590
347,Network Engineer,Ward-Herring,Millertown,134327
348,Research Assistant,Sanchez PLC,East Ana,174537
349,UX Designer,Duke and Sons,South Eric,154058
350,Project Coordinator,Thornton PLC,Aaronville,67002
351,Operations Analyst,Cox Inc,Phillipshaven,91934
352,Research Assistant,Smith and Sons,Williamfurt,155816
353,Software Engineer,"Barton, Robertson and Lynch",Heatherstad,134488
354,DevOps Engineer,Webb-Brock,New Carlosside,167054
355,Research Assistant,Anderson Ltd,Theresaport,119788
356,Test Engineer,Vega LLC,South Matthewfurt,88829
357,Operations Analyst,Cox LLC,Brandiborough,97801
358,Data Analyst,"Dunn, Erickson and Henderson",Gregoryton,109183
359,Security Engineer,Wood-Shaw,Chelseaville,149534
360,DevOps Engineer,Scott-Johnson,West Kennethborough,126163
361,Security Engineer,Vasquez Inc,Lake Erin,104054
362,Product Manager,"Moreno, Schmidt and Wright",Bradleyborough,115671
363,Hardware Engineer,"Mays, Meyer and Lucas",Williamchester,90844
364,Product Manager,Chandler PLC,East Thomas,115704
365,Security Engineer,"Vasquez, Atkins and Bell",Comptonshire,165255
366,Business Analyst,Smith Group,Loriville,142673
367,Business Analyst,Wells-Phillips,Sharonside,74473
368,ML Engineer,Archer Inc,Yvonneview,78769
369,Security Engineer,Salazar and Sons,Bethshire,159586
370,Mechanical Engineer,"Richard, Romero and Walters",East Rebeccastad,117925
371,Data Scientist,Scott Ltd,North Nathanieltown,144640
372,Data Scientist,Hicks-Choi,Andrewsfurt,152286
373,Consultant,"Brooks, Richmond and Novak",Jennifertown,129428
374,Network Engineer,"Smith, Shelton and Berry",Millerside,111952
375,Security Engineer,Rodriguez-Davidson,Ronaldton,167882
376,Electrical Engineer,Weber LLC,Markmouth,140789
377,System Architect,"Merritt, Myers and Stevens",West Michaelland,142482
378,Software Engineer,Foster-Meza,Avilaland,124111
379,Cloud Engineer,Bennett-Evans,Coletown,151993
380,Data Scientist,Walters Group,Crawfordport,160320
381,Project Coordinator,Hayes-Kirby,North Joseph,175219
382,DevOps Engineer,"Fry, Stephens and Miller",Amberville,102986
383,Data Scientist,Morales LLC,West Tracey,146776
384,Data Scientist,Hopkins-Evans,East Michael,148194
385,ML Engineer,Bernard Ltd,South Amber,110558
386,Cloud Engineer,Smith and Sons,Abbottside,145202
387,DevOps Engineer,Black Group,North Edgar,109671
388,Electrical Engineer,West Ltd,West Paula,135904
389,Electrical Engineer,Munoz and Sons,Brandonstad,136911
390,Security Engineer,Davis-Alvarado,Allenfort,105831
391,DevOps Engineer,"Stevens, Day and Patel",New Randyport,110890
392,Electrical Engineer,Murray-Miller,Lewisbury,79490
393,Hardware Engineer,"Flores, Kline and Jenkins",South Deannaton,135544
394,System Architect,"Brady, Thompson and Fitzpatrick",Lawrencemouth,145407
395,Consultant,"Rodriguez, Meyer and Vance",South Ashleyport,151377
396,Test Engineer,"Zimmerman, Ford and Sparks",Lake Justinville,105888
397,Research Assistant,Thomas Ltd,Garciaside,92855
398,UX Designer,Robinson-Curry,West Kathleen,115038
399,Product Manager,Montoya LLC,Port Lisaview,69737
400,Consultant,Rojas-Crane,West Brandy,124570
401,Project Coordinator,Lee-Garcia,Lake Austin,93981
402,Cloud Engineer,"Mullen, Jones and Andrews",Clinefurt,101962
403,Electrical Engineer,"Price, Huffman and Flowers",Wrightmouth,145034
404,Data Scientist,James Group,Diaztown,148634
405,Mechanical Engineer,Love PLC,Judyview,118767
406,Data Analyst,Duncan Inc,Port Danielfurt,76787
407,ML Engineer,Snow LLC,Bonillaport,139991
408,Data Scientist,"Parks, Frazier and Ibarra",Theresaview,154320
409,System Architect,Mccarthy-White,Hernandezton,110032
410,Consultant,Norris LLC,East Nicole,75824
411,Electrical Engineer,Robles Group,East Loganview,116051
412,Project Coordinator,"Gibson, Webster and Roy",Adamshaven,89855
413,Cloud Engineer,King Inc,South Brianton,118490
414,Cloud Engineer,Jacobs Inc,East Victoria,169171
415,Software Engineer,Wright Inc,West William,69084
416,Data Scientist,Ellis-Kidd,East Jamesville,166186
417,Hardware Engineer,Morrison Ltd,Brandonchester,61942
418,Test Engineer,Johnson-Anderson,West Danielton,144307
419,Research Assistant,Mccullough Ltd,Amandaborough,114900
420,Software Engineer,Hill-Walker,East Katherine,117935
421,Hardware Engineer,Carroll-Morgan,East Chad,168814
422,Software Engineer,Smith-Johnson,Lake Codyland,71658
423,Business Analyst,Vang-Nichols,Danielberg,173195
424,Mechanical Engineer,"Garcia, Avery and Larson",East Sarahmouth,65075
425,Data Scientist,Kim PLC,Nicoleshire,136736
426,System Architect,Wallace-Sanchez,West David,101808
427,Electrical Engineer,"Davis, Vargas and Simmons",Nicoleberg,177020
428,Hardware Engineer,Mora Ltd,New Rebeccaborough,147444
429,Network Engineer,"Cole, Washington and Santos",Lake Valerie,78841
430,Electrical Engineer,Sullivan-Fisher,Wilsonport,81014
431,ML Engineer,Scott Ltd,Trevorview,133777
432,Network Engineer,Brooks and Sons,Johnsonshire,167887
433,ML Engineer,Schultz-Mitchell,Brownmouth,144670
434,Product Manager,"Webster, Miles and Hansen",Chandlerborough,178454
435,Electrical Engineer,Franklin-Butler,Royborough,165877
436,Operations Analyst,Cowan-Livingston,Port Angelaview,127496
437,Security Engineer,"Barnett, Johnson and Cole",Diazland,144310
438,ML Engineer,"James, Powell and Oliver",South Mary,142729
439,Project Coordinator,Thomas Inc,East Eric,150526
440,DevOps Engineer,"Martin, Richardson and Gomez",West Kimberlyhaven,130853
441,UX Designer,Rogers-Miller,Christopherside,134047
442,Product Manager,Madden-Gordon,Port Jessicafurt,105956
443,Business Analyst,Reynolds-Glenn,Carlosmouth,132191
444,Mechanical Engineer,Villanueva Inc,Sarabury,135458
445,System Architect,Roberson Inc,North Julialand,66265
446,Operations Analyst,"Lee, Butler and Nguyen",Johnsonberg,157646
447,Research Assistant,"Reynolds, Chavez and Welch",Donaldhaven,162711
448,DevOps Engineer,Williams-Wilcox,Haileyborough,91916
449,Cloud Engineer,Johnson Group,South Jamesland,100709
450,DevOps Engineer,"Conner, Mcdonald and Gonzalez",Lopezview,175509
451,Software Engineer,"Flynn, Lopez and Bennett",East Sylvia,119549
452,Network Engineer,Reyes-Patton,New Kevin,172741
453,Project Coordinator,"Mccullough, Ibarra and Williams",North Michaelland,160762
454,Security Engineer,Sheppard-Walker,New Nicholaschester,69545
455,Software Engineer,"Davis, Jones and Bautista",Stokesstad,132554
456,Data Analyst,"Martinez, Smith and Casey",Port Williamville,107011
457,Electrical Engineer,Freeman Group,Bellshire,155131
458,Network Engineer,"Horn, Schaefer and Benson",New Robert,87441
459,ML Engineer,"Lee, Avila and Walls",Lake Jillian,145494
460,ML Engineer,Murillo PLC,Fischerburgh,102785
461,Hardware Engineer,Ball Ltd,East Henry,178472
462,DevOps Engineer,Martinez-Austin,Lake Johnport,143291
463,Product Manager,Caldwell Group,East Carol,173075
464,Project Coordinator,"Davis, Waters and Bird",New Denise,116792
465,Mechanical Engineer,"Eaton, Simmons and Cruz",New Kayla,78054
466,Hardware Engineer,Schwartz-Serrano,New Lucas,155824
467,ML Engineer,"Norton, Hernandez and Holt",Port Eric,73310
468,ML Engineer,"Brown, Johnson and Guzman",Vegaland,133103
469,Consultant,Frank LLC,New Nicole,63747
470,Test Engineer,Moreno-Arnold,Medinatown,158239
471,Data Analyst,Fisher PLC,North Jill,162127
472,Software Engineer,Parks Group,West Ashley,111974
473,Data Scientist,Morton Group,North Richard,176632
474,Security Engineer,"Ballard, Moore and Armstrong",Markberg,177186
475,Hardware Engineer,"Cummings, Tucker and Harris",Codyfurt,133904
476,Network Engineer,"Roach, Baker and King",Brandonton,166735
477,ML Engineer,Wu PLC,East Joseph,161335
478,System Architect,"Ford, Fitzpatrick and Rush",North Brandy,100979
479,Security Engineer,Smith-Gonzalez,Wisemouth,102973
480,Data Analyst,"Cobb, Campbell and Pearson",West Matthew,84074
481,Mechanical Engineer,"Maldonado, Reynolds and Williams",Fisherfort,82389
482,Operations Analyst,"Burgess, Simpson and Garcia",Emilymouth,105144
483,Data Scientist,Cabrera-Preston,Stephensmouth,83812
484,Data Analyst,"Jones, Lawrence and Castro",Port Amy,115574
485,Cloud Engineer,Chapman-Clark,Meyertown,85167
486,Mechanical Engineer,Mason PLC,Ninaborough,156215
487,Hardware Engineer,"Shaw, Hancock and King",Martinchester,114635
488,Mechanical Engineer,Kennedy and Sons,North Emily,130772
489,Consultant,"Peters, Robinson and Butler",Danielport,96564
490,Mechanical Engineer,Hernandez-Hill,Daniellehaven,139024
491,Security Engineer,"Ramsey, Carr and Jackson",West Alisonhaven,103373
492,UX Designer,"Robertson, Bishop and Fowler",Port Katherinetown,108145
493,Consultant,Hall and Sons,South Karenside,153674
494,Hardware Engineer,Jackson-Rogers,Wardborough,168408
495,Security Engineer,"Williams, Flores and Garcia",Port Donaldbury,85560
496,Mechanical Engineer,"Graham, Stuart and Holmes",Taylorton,168791
497,Consultant,Gross-Melton,Carlsonberg,159836
498,Security Engineer,Kerr-Butler,Jacksonborough,157653
499,Product Manager,Dunn-Williams,Walshchester,151590
500,UX Designer,Dawson Inc,Duartestad,120888
501,UX Designer,Crawford Ltd,Masseyville,113441
502,Project Coordinator,Carter PLC,North Breanna,98911
503,Cloud Engineer,Lopez Ltd,Jimenezmouth,125991
504,Network Engineer,Martin-Johnson,East Justinchester,79159
505,Security Engineer,Rivera-Miller,Fernandezside,158850
506,Electrical Engineer,Reynolds-Gregory,East Kennethton,105378
507,Mechanical Engineer,Ashley-Griffin,Bradshawtown,119900
508,Data Analyst,Thomas-Williams,Lewisville,105008
509,Hardware Engineer,Boyer-Chavez,New Ericfurt,100994
510,Cloud Engineer,"Baldwin, Fox and Johnson",West Nicolestad,113136
511,System Architect,Cameron PLC,East Amyberg,115156
512,Software Engineer,Yang-Glenn,Ralphborough,122171
513,Mechanical Engineer,Bradford-Webb,Cherylland,70252
514,Software Engineer,"Blankenship, Martin and Ponce",Lake Marcbury,175992
515,Security Engineer,Richardson LLC,Sandrashire,102631
516,Cloud Engineer,Bauer Ltd,South Billyport,99344
517,Hardware Engineer,Ward Ltd,South Rebecca,124940
518,System Architect,Lowery-Clark,Port Jeffreyton,129165
519,Business Analyst,Santiago Ltd,Dianeside,119570
520,UX Designer,Bryant-Smith,Alisonside,116644
521,Data Scientist,George Ltd,South Gregory,79638
522,Project Coordinator,Diaz-King,Erictown,144648
523,Product Manager,"Hays, Castro and Koch",Bruceville,70208
524,Project Coordinator,Sparks Group,Ronaldville,179072
525,Security Engineer,Flowers-Chen,West Jennifermouth,95178
526,Product Manager,Wood-Sanders,New Rodneyshire,118043
527,Electrical Engineer,Davis-Hughes,Lake Melissa,95328
528,Cloud Engineer,Sharp-Mooney,New Jeffreytown,175167
529,UX Designer,"Strong, Jones and Turner",West Michele,132868
530,Network Engineer,"Ortiz, Mueller and Salazar",Garyfort,166925
531,UX Designer,Martin LLC,South Kurtmouth,99222
532,DevOps Engineer,English Group,Hartburgh,111807
533,System Architect,"Morris, Barnett and Bush",Lake Jessicaland,161218
534,Consultant,Morton Inc,Michaeltown,62362
535,Data Analyst,"Fuentes, Hanna and Ramirez",Moorebury,139705
536,Data Analyst,Watson-Klein,Madisonchester,100346
537,System Architect,Wilkerson LLC,Lake Melissa,90735
538,Product Manager,"Evans, Campbell and Haney",Crystalshire,178361
539,Security Engineer,Anderson Group,Gordonburgh,156326
540,Network Engineer,Lopez-Barnes,Stephanieport,166998
541,Research Assistant,Gibbs Group,West Charlottemouth,109013
542,Operations Analyst,Sullivan Inc,Moralesfurt,68152
543,Cloud Engineer,"Beck, Williams and Wright",Mitchellhaven,106168
544,Operations Analyst,Palmer-Kelley,West Courtneystad,139965
545,Product Manager,Parker LLC,East Christinaberg,92585
546,Cloud Engineer,Johnson Inc,South Anna,72347
547,Mechanical Engineer,Williams and Sons,New Kristinview,166268
548,Cloud Engineer,Kemp-Rowland,Kimberlyburgh,157749
549,Business Analyst,Johnson Group,Martinshire,158935
550,Electrical Engineer,Stevens Group,Harrisview,121500
551,Product Manager,"Hernandez, Pace and Frazier",East Calvin,107228
552,Network Engineer,Scott-Morris,New Timothy,74571
553,Consultant,Summers-Williams,East Brandon,170085
554,Hardware Engineer,"Petty, Sosa and Williams",Nicolebury,90678
555,Cloud Engineer,"Smith, Jenkins and Yang",West Saraland,126907
556,Research Assistant,Combs-Swanson,South Kevin,166094
557,Security Engineer,Oconnell LLC,Shannonside,152659
558,Research Assistant,Jenkins-Grant,Port Ryan,146792
559,Research Assistant,"Nguyen, Jordan and Prince",Alvaradofurt,78335
560,Project Coordinator,Martinez LLC,Robertville,139624
561,Electrical Engineer,Riddle-Maldonado,North Kristinefurt,88779
562,Operations Analyst,Cervantes LLC,East Janeville,173060
563,UX Designer,"Watson, Ho and Townsend",Santanaland,131562
564,Data Analyst,Barber Inc,Lake Norman,79370
565,Data Scientist,"Griffith, Weaver and Jones",New Kristina,79371
566,UX Designer,Kennedy-Gardner,North Alvinstad,167484
567,Network Engineer,"Yates, Edwards and Rocha",Lake Sarah,148457
568,Cloud Engineer,"Velasquez, Reyes and Jensen",Jessebury,60603
569,DevOps Engineer,Richardson-Owens,Stonetown,142638
570,Mechanical Engineer,"Weiss, Jones and Marshall",Port Lisa,154891
571,System Architect,Anderson-Williamson,Port Logan,162697
572,Test Engineer,Lawson LLC,Pamelaport,172287
573,Hardware Engineer,"Adkins, Carter and Andersen",South Julieside,74773
574,Cloud Engineer,Garcia Inc,Jacksonborough,88691
575,Cloud Engineer,"Munoz, Brown and Scott",Patriciaton,177552
576,System Architect,Hines and Sons,Port Paul,152092
577,Electrical Engineer,"Graves, Buchanan and Krause",Darrylstad,130536
578,Project Coordinator,Walsh PLC,Port Roberttown,126111
579,System Architect,Velazquez-Mathews,East Diane,73864
580,Data Analyst,"Oneill, Mclaughlin and Nolan",East Timothyport,77381
581,ML Engineer,"Ball, Evans and Phillips",Patelburgh,172841
582,DevOps Engineer,"Jackson, Pena and Escobar",Ponceton,87180
583,Data Analyst,Glover-Everett,Victorialand,108785
584,Project Coordinator,Baker-Davis,Katrinabury,177838
585,Business Analyst,Johnson-Mathews,Scottbury,93250
586,Software Engineer,Sanchez-Fernandez,Palmerville,162259
587,Product Manager,Davila-Curtis,South Danaland,120780
588,System Architect,James LLC,Kennethmouth,143596
589,Hardware Engineer,Aguirre Ltd,Michaelville,93414
590,Cloud Engineer,"Taylor, Alvarez and Dunn",West Jennifer,108466
591,Business Analyst,Harris-Martin,North Sharon,143722
592,System Architect,Ellis-Valenzuela,Jonathanborough,140994
593,Software Engineer,Chapman-Jones,North Michelehaven,70502
594,Test Engineer,Lynn LLC,Edwardsbury,128361
595,Product Manager,"Lewis, Jones and Price",North Carla,61601
596,Mechanical Engineer,Farmer-Glass,New Michelle,158113
597,Data Analyst,"Herring, Walter and Nolan",Woodsfort,73214
598,UX Designer,Ramsey Ltd,Martinfort,119341
599,Mechanical Engineer,Cruz and Sons,Lake Deanna,136370
600,UX Designer,Frazier-Jimenez,Hernandezville,150288
601,Network Engineer,Lee Inc,Port Danieltown,146704
602,Consultant,"Eaton, Davies and Gill",Jonathantown,168029
603,Electrical Engineer,"White, Reyes and Hernandez",Stephensstad,152548
604,Business Analyst,Hanson-Holloway,North Evan,71522
605,UX Designer,"Marks, Miller and Hicks",Nielsenport,72519
606,Hardware Engineer,"Thomas, Johnson and Gallagher",Robertfurt,171461
607,Project Coordinator,"Johnson, Alexander and Smith",Hansenmouth,125302
608,Consultant,"Malone, Ward and Cook",Cynthiamouth,132515
609,Business Analyst,Rivera Group,East Christina,156896
610,Software Engineer,"Pierce, Hull and Matthews",North Bobby,148252
611,DevOps Engineer,Burton Group,Lake Anthonystad,178413
612,ML Engineer,Mcintyre-Foster,Bethmouth,127870
613,Research Assistant,"Walker, Banks and Colon",North Josephside,134965
614,Mechanical Engineer,Hicks and Sons,Kellershire,64544
615,Product Manager,Davis and Sons,Kristenbury,146599
616,Operations Analyst,Green-Li,North Joseph,79209
617,Mechanical Engineer,Cabrera-Black,North Kimberly,169258
618,Data Analyst,Cooley-Roth,North Brandon,152870
619,Research Assistant,"Werner, Garcia and Fields",Wangchester,130719
620,Cloud Engineer,Roberts and Sons,East Emilyside,156897
621,Project Coordinator,"Cline, Phillips and Harris",Romerochester,131970
622,DevOps Engineer,Bell Group,Michaelstad,121140
623,Research Assistant,"Estes, Ruiz and Montgomery",Thomasberg,142220
624,Network Engineer,Ferrell and Sons,North Danafort,95957
625,Mechanical Engineer,"Hoffman, Glenn and Clark",Wilkinsonmouth,123235
626,Mechanical Engineer,Clark-Leon,Port Amberberg,164612
627,ML Engineer,Hammond PLC,Vargasmouth,149574
628,DevOps Engineer,Reynolds Inc,East Williamstad,159651
629,Electrical Engineer,"Palmer, Brown and Christensen",Stacyview,159793
630,Cloud Engineer,Sanchez Ltd,Melissafort,154918
631,Mechanical Engineer,Phillips Group,Danielport,147937
632,ML Engineer,Newman LLC,Williamsberg,147252
633,Mechanical Engineer,Raymond PLC,Nicholasside,164215
634,Data Analyst,Pittman-Mccoy,West Jason,97873
635,Security Engineer,Tran Inc,South Michaelville,78988
636,Project Coordinator,Duncan-Evans,Frazierport,112133
637,Mechanical Engineer,Cain-Smith,New Elizabethton,149444
638,Consultant,Gomez-Chavez,Elijahhaven,157292
639,Software Engineer,"Knapp, James and Johnson",Kimberlyton,72998
640,Hardware Engineer,Taylor-Perez,Dianeside,163427
641,Business Analyst,Thompson-Fox,West Micheal,179354
642,Business Analyst,"Friedman, Davis and Lopez",Tarashire,107258
643,Business Analyst,"Schmidt, Mckee and Simmons",Petersenville,62686
644,Operations Analyst,Diaz-Gill,Sherrystad,142688
645,Research Assistant,Dawson-Bennett,North Lorichester,118786
646,System Architect,Sanders Ltd,Rangelfort,71630
647,Test Engineer,White PLC,New James,64270
648,Data Analyst,Logan-Hogan,Port Holly,167816
649,Operations Analyst,"Williams, Strickland and Phillips",New Lorifurt,88155
650,Data Scientist,"Brown, Olson and Reynolds",Timothyburgh,119128
651,ML Engineer,Powell PLC,East Charlestown,175659
652,Consultant,Collier LLC,New Kevinfort,61697
653,Hardware Engineer,Moore Inc,Zacharyfort,118469
654,Network Engineer,"Meyer, Walker and Morris",Lucasburgh,155779
655,Business Analyst,Pena-Williams,Blackberg,89866
656,Business Analyst,Barry Inc,Michellebury,154592
657,System Architect,Cunningham and Sons,Garretthaven,118179
658,Consultant,Allen-Harmon,South David,88666
659,Network Engineer,"Carpenter, Hunter and Powell",Walterton,117696
660,System Architect,"Solis, Walters and Rivera",Carlmouth,112964
661,Cloud Engineer,Miller-Garcia,North Stephanie,68747
662,Data Scientist,Rowland-Martinez,West Maria,78646
663,Electrical Engineer,Ellis-Jones,North Emilyside,148197
664,Cloud Engineer,"Martinez, Boyd and Bennett",South Michael,113738
665,Cloud Engineer,Contreras-Perez,Davidville,68978
666,Test Engineer,Newton-Coffey,South Derekhaven,118087
667,Security Engineer,Miller PLC,Port Raymondborough,88463
668,Network Engineer,Erickson and Sons,Jimenezside,89759
669,Test Engineer,"Gonzalez, Wilkinson and Williams",North Shelley,176012
670,Business Analyst,Harris LLC,Frederickburgh,134643
671,Hardware Engineer,Hughes PLC,Allisonborough,62940
672,Project Coordinator,Harvey and Sons,Danielsburgh,77820
673,DevOps Engineer,Simpson PLC,Port Sharon,83784
674,Data Analyst,Flores Ltd,Mooreville,86297
675,UX Designer,Johnson-Rocha,New Eric,156309
676,Consultant,Lawson LLC,Conleyhaven,101838
677,System Architect,Macdonald and Sons,South Jeffreyport,75982
678,Mechanical Engineer,Harris-Hudson,New Meaganstad,63538
679,Test Engineer,Gillespie Inc,Lake Lorettaton,174246
680,Electrical Engineer,"Perez, Horne and Sweeney",Christineton,109209
681,Hardware Engineer,"Miller, Webb and Watson",West Todd,63803
682,System Architect,"Lee, Matthews and Dickerson",South Timothyborough,175303
683,Mechanical Engineer,Wheeler-Hudson,South Darrenbury,130322
684,Data Analyst,"Campbell, Willis and Wright",Katherinemouth,135406
685,Research Assistant,Brown-Horn,New Elizabethtown,93444
686,Software Engineer,Paul-Montgomery,Johnsonhaven,121380
687,DevOps Engineer,Orozco Group,New Amyfort,125911
688,Software Engineer,Bell-Oneill,North David,133954
689,Electrical Engineer,Rosales-Malone,Matthewburgh,116621
690,System Architect,Bush-Diaz,New Jessica,100244
691,ML Engineer,Krueger-Stein,Rossside,158707
692,Consultant,"Lawrence, Cline and Graves",New Dianahaven,70232
693,Cloud Engineer,Lang LLC,Christopherstad,82702
694,Data Analyst,"Jones, Smith and Franklin",Sandrachester,159443
695,Cloud Engineer,Nguyen-Smith,Lake Baileybury,113284
696,Hardware Engineer,Kelly LLC,Lake Darrellton,100628
697,Consultant,Johnson Group,West Katrinashire,118309
698,ML Engineer,"Allen, Santos and Nelson",Williamsfort,120259
699,Hardware Engineer,"Palmer, Johnson and Garrett",Whitehaven,150181
700,Cloud Engineer,Schmitt-Thomas,Lake Marissaview,112499
701,Data Scientist,"Jordan, Young and Morgan",East Adriana,152731
702,Consultant,Pennington-Smith,New Gregory,80147
703,System Architect,"Howell, Reese and Murphy",Guerraport,136080
704,Software Engineer,Griffin PLC,Tylerland,83475
705,Security Engineer,Bender-Reid,Tammiechester,131083
706,Research Assistant,Rivera PLC,Thompsonstad,121437
707,Hardware Engineer,Grant-Allen,South Wendy,93773
708,System Architect,Mason-Moreno,West Josephshire,103537
709,DevOps Engineer,"Contreras, Ferguson and Kim",Edwardschester,160056
710,Consultant,Lamb-Walker,North Jeffreybury,140740
711,Security Engineer,"Miller, Lowe and Bishop",Michaelafurt,166181
712,Business Analyst,Parker Ltd,North Candicestad,167955
713,Mechanical Engineer,"Obrien, Pearson and Russell",South Bryanburgh,74382
714,Operations Analyst,Henderson Ltd,North Pamelaburgh,151581
715,Data Analyst,"Wilson, Yang and Acevedo",Teresaborough,141500
716,Software Engineer,"Young, Smith and Lambert",Edwardsfurt,104077
717,Security Engineer,Chavez-Fuentes,Jenniferside,139308
718,Security Engineer,"Phillips, Lloyd and Pearson",Port Nicoleburgh,143775
719,Project Coordinator,"Green, Bryant and Marshall",Port Jim,100361
720,Project Coordinator,Carpenter PLC,Port Jamesport,163345
721,Project Coordinator,"Bullock, Nguyen and Morgan",South Susanmouth,166193
722,Data Analyst,Smith Ltd,Christopherport,82269
723,ML Engineer,Gould Group,Humphreymouth,135393
724,System Architect,Burgess Group,Lopezshire,108006
725,Cloud Engineer,"Foster, Gardner and Castaneda",Port Julie,155386
726,Project Coordinator,Garner-Barnett,Mezatown,115843
727,Research Assistant,Williams Inc,Sherrichester,164728
728,Security Engineer,"Goodman, Howard and Hardin",East Zacharyburgh,144143
729,Project Coordinator,"Rich, White and George",West Richard,123263
730,Data Analyst,Gross-Ryan,South Richardberg,88942
731,Product Manager,"Kelly, Mcmillan and Gilbert",Johnmouth,71343
732,Hardware Engineer,Alexander PLC,New Stephen,167272
733,Security Engineer,Barber PLC,Davidside,164541
734,Research Assistant,Anderson and Sons,East Michael,100210
735,Product Manager,Jenkins Ltd,Jackview,137355
736,Consultant,Davis and Sons,Duncanville,106765
737,Mechanical Engineer,"Robinson, Hernandez and Molina",Jonathanberg,71867
738,Data Analyst,Austin and Sons,Cameronbury,151968
739,System Architect,Morales-Wall,Lewisberg,102635
740,Hardware Engineer,Porter Ltd,Philipberg,158455
741,Product Manager,Smith-Hunter,Port Josephstad,122277
742,Mechanical Engineer,"Gibson, Washington and Hubbard",Delacruzhaven,104327
743,Test Engineer,Lloyd Inc,Port Bethland,166953
744,DevOps Engineer,Norton-Carter,Tiffanystad,82063
745,Mechanical Engineer,Clayton PLC,South Kimberly,159404
746,Cloud Engineer,Willis PLC,Lauraside,109538
747,Mechanical Engineer,Mosley LLC,New Kimberly,170420
748,Security Engineer,Watson-Anderson,South Richardstad,163470
749,UX Designer,Shields Ltd,North Daleview,176867
750,Electrical Engineer,Velazquez and Sons,Jenniferfurt,160166
751,Cloud Engineer,Austin LLC,Burgesschester,95329
752,Operations Analyst,"Ramirez, Washington and Hughes",Lake Jeremiah,98937
753,Cloud Engineer,Rogers PLC,East Wesley,116833
754,Operations Analyst,Bradley-Frazier,Port Michaelshire,153026
755,Research Assistant,"Olson, Jones and Torres",Jonathanchester,105174
756,Data Scientist,Davis LLC,Cookberg,87404
757,UX Designer,"Bradley, Curry and Mosley",Michaelburgh,173217
758,Mechanical Engineer,Smith Ltd,West Leslietown,62671
759,Security Engineer,"Jones, Porter and Montgomery",West Brianside,94324
760,Business Analyst,Holt Ltd,Seanside,101297
761,Mechanical Engineer,"Garcia, Myers and Wu",Port Annaland,169572
762,Product Manager,Jones Group,Jameshaven,86768
763,Cloud Engineer,"Beasley, Allen and Williams",New Benjamintown,111034
764,Test Engineer,Hoffman-Porter,East Susanmouth,64680
765,Business Analyst,Burke Group,West Anita,115662
766,Product Manager,"Johns, Escobar and Sandoval",Morganmouth,62282
767,Cloud Engineer,Glass and Sons,Schroederstad,75222
768,Mechanical Engineer,Moses-Williams,Jeffreymouth,150879
769,System Architect,"Smith, Knapp and Estes",Kathleenport,125222
770,Research Assistant,Phillips-Davis,North Diane,171117
771,Mechanical Engineer,Gonzalez-Jones,Smithfort,83619
772,Product Manager,Bush Group,Loganport,129545
773,ML Engineer,Powell-Barron,West David,169523
774,Data Analyst,Coleman Group,Jeffersonview,147635
775,Consultant,"Brown, Norton and Chan",Taylorshire,177454
776,Software Engineer,King-Rodgers,Barnesbury,62984
777,Data Analyst,"Myers, May and Hall",Port Cherylside,133242
778,Electrical Engineer,"Reeves, Kelly and Smith",Devinchester,80810
779,Business Analyst,Decker LLC,New Sarah,139595
780,Test Engineer,Wilson-Burke,West David,157040
781,Consultant,Lewis-Stewart,Leehaven,69165
782,Test Engineer,Reyes PLC,Susanberg,157717
783,Product Manager,"Chapman, Nelson and Young",Williamsview,154732
784,Operations Analyst,"Santos, Taylor and Bass",North Nicholasville,120708
785,DevOps Engineer,Lee-Mathews,Matthewport,126765
786,Data Scientist,Johnson and Sons,Ortegaborough,60238
787,DevOps Engineer,"Ray, Perkins and Torres",Port Edwardport,152297
788,Data Analyst,Price Ltd,Sanchezport,113806
789,Business Analyst,Fleming Group,Campbellview,127629
790,System Architect,Price-Benton,South Mark,147054
791,ML Engineer,"Meyer, Armstrong and Baldwin",South Traviston,101300
792,Software Engineer,Buck and Sons,Jonesmouth,162042
793,Consultant,"Moore, Parsons and Lopez",Johnstonmouth,68428
794,Cloud Engineer,Myers and Sons,Davisfurt,67138
795,Security Engineer,"Torres, Becker and Schultz",Anthonyborough,168556
796,System Architect,Richardson-Orr,Gabrielshire,160960
797,Cloud Engineer,Woods LLC,Medinaville,118996
798,Software Engineer,"Kane, Vasquez and Bond",Martinezville,72290
799,Test Engineer,Hernandez-Scott,Jessicaland,92711
800,Operations Analyst,Tucker-Moses,Thomasview,158721
801,Security Engineer,"Rodriguez, Schultz and Lewis",North Megan,154630
802,Project Coordinator,Miles-Harris,South Wendytown,121286
803,Business Analyst,Rice LLC,Port Stephanie,130928
804,Business Analyst,"Ferrell, Mathews and Kelly",Chasechester,150440
805,Cloud Engineer,"Cowan, Valentine and Gardner",East Mariahaven,171914
806,Hardware Engineer,Bennett-Cook,North Andrewside,148723
807,Operations Analyst,Jimenez-Ortiz,East Brianhaven,128092
808,Product Manager,Mahoney Inc,Powellmouth,93843
809,System Architect,Mcconnell LLC,New Selenafurt,127988
810,Consultant,Bradshaw Group,Townsendbury,134787
811,Consultant,"Shepard, Rivas and Rowland",Burtonmouth,121520
812,ML Engineer,Dyer-Rodriguez,Colemouth,68018
813,Project Coordinator,Moore-Torres,North Bradleytown,158301
814,DevOps Engineer,"Rosario, Payne and Wright",Barbaramouth,71074
815,Business Analyst,Chambers Inc,Port Marciastad,76454
816,Business Analyst,Graves Group,Port Justin,120004
817,Research Assistant,Jackson Inc,West Alyssa,160217
818,Data Analyst,Walker Ltd,Jeremyhaven,89988
819,Consultant,Stewart-Collins,Lake Sarah,75318
820,Project Coordinator,Mcmillan Group,Castanedaburgh,105381
821,Hardware Engineer,Silva-Ramos,Christinaview,65050
822,Data Scientist,"Carson, Serrano and Peters",East Timothy,141996
823,Product Manager,Smith and Sons,Garyshire,62802
824,UX Designer,Riley LLC,Garrettbury,78230
825,Data Analyst,Green Ltd,Port Janicemouth,150770
826,UX Designer,Roberts-Austin,Susanview,157309
827,Research Assistant,"Williams, Wheeler and Spencer",Lake Dylanstad,112475
828,Data Scientist,Houston Group,Beasleyville,104727
829,Hardware Engineer,Ross Group,New Melanie,172663
830,Network Engineer,"Lynch, Mccoy and Moore",Natashamouth,158861
831,Consultant,Lawrence Inc,Matamouth,72949
832,Research Assistant,Johnson-Scott,West Bryan,111611
833,ML Engineer,Johnson Inc,North Johnmouth,121397
834,System Architect,Fernandez Ltd,Jacobstown,112946
835,Project Coordinator,Parsons-Hart,West Lindsey,166766
836,Cloud Engineer,Young-Hodges,Lake Andrew,110611
837,Business Analyst,Martinez PLC,Weavermouth,144757
838,Hardware Engineer,Collins Ltd,West Ashley,142199
839,Product Manager,Graves-Brown,Ellishaven,106987
840,Hardware Engineer,Patterson and Sons,South Christine,105467
841,Network Engineer,Golden-Foster,Brittanyland,130146
842,Mechanical Engineer,"Edwards, Green and Collins",East Zachary,73092
843,DevOps Engineer,"Hoffman, Johnson and Johnson",Davenportstad,106729
844,Data Analyst,"Marshall, Hunter and Payne",New Benjaminville,110936
845,Network Engineer,Padilla-Richards,Karatown,98501
846,System Architect,"Hicks, Kramer and Mason",South Patriciachester,80238
847,Data Scientist,Gonzales PLC,Port Bruceside,77595
848,Software Engineer,"Johnson, Griffin and Ellis",Lake Christina,96173
849,DevOps Engineer,"Bauer, Baxter and Monroe",Stephaniemouth,151298
850,Network Engineer,"Flores, Carroll and Lee",Paulville,80903
851,Consultant,White Inc,Smithtown,120815
852,Business Analyst,Parker-Moreno,South Kyle,160456
853,Cloud Engineer,"Ford, Lowe and Howe",New Nathanchester,167403
854,Business Analyst,Williams-White,West Melanieberg,74689
855,Electrical Engineer,"Schmidt, Rogers and Davis",Nashview,163098
856,System Architect,"Michael, Martin and Owens",Jamieborough,126103
857,Cloud Engineer,"Boyd, Williams and Arellano",North Robert,70165
858,Network Engineer,West LLC,Kimberlyville,117225
859,DevOps Engineer,"Ball, Swanson and Thompson",Williamborough,74431
860,ML Engineer,Becker and Sons,Billyborough,164418
861,DevOps Engineer,Oliver-Rogers,Lake Kimberly,174042
862,Project Coordinator,"Bryan, Sandoval and Short",Bryantside,173869
863,Security Engineer,Harris Inc,Colinport,89931
864,Electrical Engineer,Jones Ltd,Port Gabrielberg,165383
865,Network Engineer,Everett Ltd,New Terriport,163323
866,UX Designer,Ponce-Mueller,East Andrewmouth,95537
867,ML Engineer,Powell-Austin,Morrisonfort,135637
868,System Architect,Moore Ltd,North Margaretside,127024
869,DevOps Engineer,"Stone, Hudson and Christian",East Tiffany,151748
870,Hardware Engineer,"Hansen, Cameron and Washington",Millerport,69376
871,Network Engineer,Moore-Mercer,Smithville,122148
872,Electrical Engineer,"Mosley, Boone and Reed",New Susanview,105165
873,Test Engineer,Richards Ltd,West Connorland,134787
874,Operations Analyst,Marquez-Kim,Lake Megan,98352
875,Data Scientist,Cox Group,Port Jasonview,145003
876,Product Manager,Myers-Mitchell,West Janet,80409
877,Product Manager,Morgan-Robinson,North Terri,122606
878,Consultant,"Johnson, Cunningham and Khan",East Davidberg,118109
879,Software Engineer,Wright Ltd,East Stephenfurt,104313
880,Mechanical Engineer,Medina Group,Martinborough,95959
881,Product Manager,Cardenas Ltd,Brownberg,156972
882,Software Engineer,"Costa, Martin and Ayala",Allenburgh,76696
883,Electrical Engineer,"Brown, Barnett and Horne",Allisonberg,80939
884,Project Coordinator,Holt-Ward,Hensleyville,165775
885,Research Assistant,Nolan and Sons,Justinville,164778
886,Network Engineer,"Lang, Smith and Carney",East William,95543
887,Data Scientist,"Sharp, Wood and Ellis",Port Carla,107208
888,Network Engineer,Thomas-Brooks,North Michellefort,156623
889,Security Engineer,"Morales, Williams and Valdez",New Scott,127084
890,Data Analyst,Phillips-Wise,North Brandon,152324
891,Test Engineer,"Estrada, Ward and Nichols",Ayersborough,68555
892,ML Engineer,"Higgins, Olson and Brown",Mccalltown,155850
893,Mechanical Engineer,"Fuller, Howard and Sanders",Whitefurt,80374
894,System Architect,"Miller, Jones and Davis",Jamieshire,167105
895,Consultant,Turner and Sons,Harringtonshire,168564
896,DevOps Engineer,Allen Inc,Logantown,155899
897,ML Engineer,Davis-Johnson,Harrisville,103113
898,System Architect,"Johnson, Brown and Murphy",Lisabury,155437
899,System Architect,Hines-Gonzalez,Michelleton,108307
900,Security Engineer,Burke LLC,Meaganhaven,142929
901,Product Manager,Johnson Group,Lowefort,122715
902,Security Engineer,Johnson-Smith,Catherinemouth,150570
903,System Architect,Dunn and Sons,Edwardchester,166705
904,Data Scientist,Cuevas Inc,Patriciaborough,73478
905,ML Engineer,Reynolds-Bennett,South William,130316
906,Mechanical Engineer,"Anderson, Young and Williams",New Donnaton,84295
907,Business Analyst,Gonzalez-Smith,Pruittmouth,61593
908,Data Analyst,Shannon-Powers,North Kara,137531
909,Security Engineer,Flores LLC,South Sergio,164638
910,Product Manager,"Thompson, Jordan and Hansen",Nicoleburgh,153144
911,Hardware Engineer,Lee and Sons,Brownport,109446
912,DevOps Engineer,"Smith, Knight and Houston",Destinyport,96868
913,Test Engineer,Smith Inc,Waynetown,64180
914,UX Designer,"House, Davila and Morales",Port Steveberg,136093
915,Project Coordinator,"Anderson, Johnson and Fernandez",Dominiqueshire,90055
916,Electrical Engineer,Thomas and Sons,North Joel,75567
917,Hardware Engineer,Harris Ltd,Nicholastown,69632
918,DevOps Engineer,"Elliott, Ward and Perkins",Nathanielfurt,75397
919,Hardware Engineer,Maxwell-West,Georgefort,122174
920,Consultant,Day-Lewis,South Hollyhaven,108031
921,Consultant,Walters Inc,New Derrick,98183
922,Mechanical Engineer,Williams Ltd,Boyleburgh,99639
923,UX Designer,Galloway PLC,Marcchester,128535
924,UX Designer,Stanley Group,West Amanda,112131
925,Network Engineer,"Russell, Jackson and Cruz",West Amanda,123961
926,Cloud Engineer,Rivera-James,Port Nathan,178189
927,Mechanical Engineer,"Miller, Garcia and Collins",Fischershire,170768
928,Product Manager,Holt and Sons,Frankland,148901
929,ML Engineer,Barrett-Bell,Port Teresa,79355
930,Business Analyst,Hooper Inc,Jorgetown,68170
931,Network Engineer,Caldwell LLC,East Jeffrey,91061
932,Test Engineer,"Dean, Lopez and Cummings",Lisaberg,104817
933,Software Engineer,"Fleming, Curtis and Lyons",New Raven,164628
934,Network Engineer,"Waller, Rodriguez and Hopkins",Julianport,74800
935,Mechanical Engineer,Taylor-Mcclain,Ashleyburgh,169194
936,Electrical Engineer,Silva-Campbell,South Cheyennetown,123185
937,Data Scientist,Becker Group,Port Zacharyton,64262
938,DevOps Engineer,"Leonard, Booker and Thomas",East Richard,114839
939,Research Assistant,"Potts, Huynh and Deleon",Lake Tara,62467
940,Product Manager,"Wallace, Craig and Carter",Gonzalesburgh,126642
941,Research Assistant,Roman LLC,Lake Allisonmouth,109869
942,Product Manager,"Burnett, Garrett and Woods",Evansburgh,147899
943,Security Engineer,Banks-Clark,West Paulton,62418
944,System Architect,Rodriguez Ltd,Grossmouth,149922
945,Mechanical Engineer,Price-Martin,Stacybury,115855
946,Software Engineer,King PLC,Rileyshire,161572
947,Cloud Engineer,Graham-Stewart,Martinezmouth,148694
948,Cloud Engineer,Hampton-Hogan,West Jessebury,131587
949,Network Engineer,"Saunders, West and Murray",East Mary,141176
950,ML Engineer,Jackson-Khan,Lake John,138433
951,Electrical Engineer,Page LLC,South Larryshire,127183
952,UX Designer,Jones PLC,South Brian,106399
953,Security Engineer,Cooke-Moyer,Steveside,160855
954,Data Scientist,Holmes-Berger,Wustad,134279
955,Consultant,Garcia Inc,Michaelbury,125585
956,System Architect,Strong Group,Jamesside,161295
957,Hardware Engineer,Hicks Inc,West Charleston,74456
958,ML Engineer,"Thomas, Mason and Aguirre",Michaelaland,115625
959,Software Engineer,Dalton-Jackson,Diazchester,96175
960,Network Engineer,"Price, Russo and Ramirez",North Valerieshire,120835
961,Hardware Engineer,Howell LLC,Mistychester,93278
962,Consultant,Patrick Inc,South Kristi,136619
963,System Architect,Flores LLC,East Lisaside,144681
964,Mechanical Engineer,"Howard, Bright and Peterson",Samanthaport,69086
965,Hardware Engineer,"Oconnor, Jones and Valenzuela",Jessicachester,69992
966,Security Engineer,Combs-Landry,Elliottport,98906
967,Cloud Engineer,Rivera-Chambers,Danielsburgh,128844
968,Mechanical Engineer,"Carroll, Johnson and Lambert",Mendezfort,151536
969,Network Engineer,Holmes-Scott,Hayesfort,127930
970,Cloud Engineer,Wang PLC,West Christineborough,66576
971,ML Engineer,Bowen Group,Port Gary,109156
972,Electrical Engineer,Bell Inc,Francisstad,166443
973,Electrical Engineer,Bean-Bell,Lake Mark,67147
974,UX Designer,"Brown, Hampton and Baker",Port Brianville,84339
975,Hardware Engineer,Grant PLC,Baileyhaven,67032
976,Software Engineer,Collins LLC,Nicholasmouth,85740
977,DevOps Engineer,"Blackwell, Phelps and Morris",Hillland,171156
978,Consultant,Morgan LLC,Emilybury,170744
979,Project Coordinator,Dean-Hamilton,West Jaybury,139132
980,Data Analyst,"Wilson, Sherman and Campbell",Patriciamouth,104661
981,Product Manager,Green Ltd,Lake Judithland,133038
982,Research Assistant,Taylor-Nelson,Colleenbury,97996
983,Research Assistant,Walsh-Morrison,South David,126682
984,Consultant,Ferguson-Morgan,Sanchezbury,109218
985,DevOps Engineer,"Carrillo, Oliver and Barrett",Markville,149129
986,Data Scientist,"Collins, Young and Ramos",North Dominictown,72412
987,Test Engineer,Graham LLC,Scottberg,85166
988,UX Designer,"Bush, Lee and Ford",New Gregoryfort,123845
989,Data Scientist,Mcclain Ltd,North Derekmouth,163618
990,Cloud Engineer,Lawrence PLC,Jacobsonhaven,178318
991,Product Manager,Harris-Williams,Williammouth,102405
992,Cloud Engineer,"Tyler, Nguyen and Landry",Jeffreyhaven,156846
993,Data Analyst,"Gross, Mcfarland and Walker",Gonzalezville,110069
994,Software Engineer,Christensen-Johnson,Lake Lauraland,126039
995,Project Coordinator,Hamilton-Walters,Brandiside,179005
996,Hardware Engineer,"Long, Gardner and Gonzalez",Andrewtown,139265
997,Network Engineer,Rowe Ltd,Randallbury,110204
998,Test Engineer,"Johnson, Nunez and Carr",Zimmermanport,100184
999,DevOps Engineer,Haley and Sons,Jenniferfort,91682
1000,ML Engineer,Livingston Ltd,Grayhaven,178668
1001,Consultant,Brock Group,Port Scott,101387
