1,Embedded Engineer,"Juarez, Evans and Goodwin","Zacharyfurt, Mozambique",98710
2,Data Analyst,"Curtis, Peters and Heath","Christopherton, Albania",160387
3,Product Manager,Smith-White,"Williamsfurt, Estonia",71943
4,Cloud Architect,"Soto, Smith and Dyer","Jenniferport, Iceland",64473
5,Cloud Architect,Williams-Proctor,"East Carmen, Finland",62266
6,Database Administrator,"Hayden, Jones and Parker","Rosstown, Kuwait",79772
7,Cloud Architect,Thomas-Perez,"Karenmouth, Switzerland",108494
8,Cloud Architect,Wilson-Clark,"Timothyberg, Central African Republic",153766
9,Mechanical Engineer,Rodriguez-Miller,"West Alanfort, Saint Lucia",153623
10,Research Assistant,"Schwartz, Moon and Cooper","West Brittanytown, Guadeloupe",172598
11,Cybersecurity Specialist,Glass-Maldonado,"Lake Eric, Serbia",100449
12,Financial Analyst,"Wright, Henderson and Martin","Meadowsside, United Kingdom",147256
13,Business Analyst,Jacobson-Mack,"New Nicholasville, Pitcairn Islands",54495
14,Marketing Analyst,"Adams, Green and Diaz","South Jeanmouth, Rwanda",68493
15,Database Administrator,"Peterson, Clark and Gonzalez","South Jillshire, Guam",116243
16,Cloud Architect,Palmer LLC,"Port Trevor, Puerto Rico",159594
17,Business Analyst,Brown Ltd,"Thomaschester, Cocos (Keeling) Islands",149266
18,System Administrator,Robinson PLC,"South Victoria, Thailand",136700
19,Data Analyst,Bennett PLC,"Grayfurt, Eritrea",155370
20,Research Assistant,Padilla-Thomas,"Maryshire, Nicaragua",83504
21,DevOps Engineer,"Baldwin, Robinson and Evans","North Geraldmouth, Macao",63887
22,DevOps Engineer,Gregory-Nguyen,"Port Annafort, Libyan Arab Jamahiriya",73573
23,DevOps Engineer,"Jackson, Church and Ruiz","North Tiffany, Cyprus",94948
24,Embedded Engineer,Hawkins-Jackson,"Myersland, Bangladesh",86543
25,Web Developer,"Harris, Price and Reid","New Karenton, Congo",110138
26,Data Scientist,Patel-Kelly,"Reedshire, Hong Kong",101286
27,Web Developer,"Deleon, Williams and Butler","East Kenneth, Sri Lanka",179339
28,Product Manager,"Medina, Durham and Fletcher","Hahnbury, Saint Helena",65243
29,DevOps Engineer,Nelson-Bishop,"Ianside, Guatemala",108101
30,Web Developer,Garza-Harvey,"Richardport, Korea",62864
31,AI Engineer,Wood-Fitzgerald,"North Bryanchester, Svalbard & Jan Mayen Islands",54731
32,Business Analyst,Lawson-Olson,"Jamesbury, Rwanda",122250
33,System Administrator,Maynard LLC,"Steeleside, Oman",159760
34,Network Engineer,Campbell PLC,"East Emily, American Samoa",147204
35,Software Engineer,Lawrence-Lee,"East Tanyaberg, Nicaragua",164449
36,Marketing Analyst,Rivera PLC,"Dunnburgh, Sweden",53073
37,Database Administrator,Williams-Lawson,"Ashleyport, Yemen",118458
38,Software Engineer,Rodriguez-Johnson,"Cassandrafort, Mauritius",64597
39,Mechanical Engineer,Leonard-Owens,"Lake Alexistown, Lesotho",54811
40,Software Engineer,"Mcconnell, King and Gentry","South Anthony, Central African Republic",91657
41,Research Assistant,"Stone, Wilkins and Cuevas","West Tinahaven, United States of America",43320
42,Product Manager,Campbell-Martinez,"Bennettbury, Kazakhstan",86905
43,Financial Analyst,"Murray, Young and Perry","Anthonyhaven, Hong Kong",139514
44,Data Analyst,Yates-Cantu,"Zacharyside, Azerbaijan",113701
45,Cloud Architect,"Johnson, Powell and Moore","West Carol, Benin",115297
46,UX Designer,Griffith Group,"Mcgrathburgh, Iceland",139137
47,Web Developer,"Dalton, Gonzalez and Lara","East Josefort, Hungary",168494
48,Network Engineer,Henderson Group,"Brownburgh, Egypt",174182
49,DevOps Engineer,Santiago-Ramirez,"North Mark, Oman",60800
50,Marketing Analyst,"Carter, Castro and Robbins","Robertsfurt, Jamaica",103260
51,DevOps Engineer,Morse-Williams,"Lisafurt, Ireland",65022
52,Embedded Engineer,Johnson-Wright,"North Kathrynfort, Romania",43462
53,Marketing Analyst,"Moore, Johnson and Levine","West Sarahstad, Aruba",95518
54,AI Engineer,"Navarro, Lewis and Harmon","Davidfurt, Tajikistan",43580
55,System Administrator,Buckley-Parker,"Andersonberg, Rwanda",111441
56,Financial Analyst,Garcia PLC,"Danburgh, Saudi Arabia",165272
57,Cloud Architect,Garrett Ltd,"Port Christopher, Gambia",133733
58,AI Engineer,Lee-Castillo,"East Joshua, Kazakhstan",122238
59,Financial Analyst,"Poole, Grimes and Walters","West Cassieview, Falkland Islands (Malvinas)",166557
60,Data Analyst,Ruiz-Roy,"Port Andrewshire, Samoa",106165
61,Business Analyst,"Smith, Harris and Pena","Port Susan, Singapore",137903
62,Financial Analyst,Schroeder PLC,"Lake Sharonmouth, Vietnam",125730
63,Data Analyst,Aguilar PLC,"Port Jacobtown, Guam",67569
64,Product Manager,Hudson-King,"New Michael, Afghanistan",113921
65,Research Assistant,Williams-Bates,"Fostershire, Russian Federation",163836
66,DevOps Engineer,Ford-Gordon,"Port Joshuafurt, New Caledonia",41261
67,UX Designer,Richardson-Wilson,"Cookhaven, Northern Mariana Islands",67966
68,Business Analyst,"May, Hansen and Young","Derekstad, Italy",173197
69,Mechanical Engineer,Diaz-Fritz,"Corymouth, British Virgin Islands",40319
70,System Administrator,"Richards, Bradford and Hammond","New Michael, Belgium",177566
71,System Administrator,Murillo-Sullivan,"West Allison, Belarus",145872
72,DevOps Engineer,Jones Ltd,"West Philip, Uruguay",107341
73,Product Manager,"Scott, Collins and Mcclain","Paulmouth, Solomon Islands",121779
74,Mechanical Engineer,"Warren, Williams and Sanchez","Danielfort, Tanzania",133877
75,Cybersecurity Specialist,Daniel Inc,"Lake Jose, Pitcairn Islands",40737
76,UX Designer,"Booth, Schmidt and Thomas","Port Michael, Saint Barthelemy",70799
77,Marketing Analyst,Abbott-Shaw,"Thompsonbury, Lesotho",75123
78,Product Manager,Jefferson-Lewis,"West Jonathanborough, Marshall Islands",75263
79,Database Administrator,Mata Ltd,"Lake Kelly, India",106553
80,Business Analyst,Morrison-Coleman,"South Andrew, Switzerland",100570
81,Research Assistant,Thompson Group,"Ericaborough, Uruguay",166165
82,System Administrator,Owens-Shaffer,"North Ashley, Barbados",73734
83,Mechanical Engineer,Mendoza and Sons,"Lake Johnport, Colombia",57365
84,Cybersecurity Specialist,"Anderson, Spears and Jones","Lake Elizabeth, Slovakia (Slovak Republic)",99612
85,Electrical Engineer,Cox-Rogers,"Teresabury, Gabon",148700
86,System Administrator,"Orozco, Williams and Warren","North Joshua, Gabon",163452
87,Software Engineer,Davis Group,"North Erin, Cambodia",161089
88,System Administrator,"Hanson, Santiago and Preston","Jeffersonshire, Dominican Republic",144447
89,Research Assistant,Nelson-Jones,"Port Seanside, Gabon",119947
90,Electrical Engineer,Robbins-Mack,"Oliviafort, Somalia",164958
91,Network Engineer,Harper Inc,"Port Eric, Madagascar",160434
92,Electrical Engineer,Webb-Campbell,"Wilcoxton, Greenland",87043
93,System Administrator,Scott-Johnson,"Brownport, Jersey",120097
94,Database Administrator,"Yoder, Jordan and King","South Darren, Falkland Islands (Malvinas)",42433
95,Cloud Architect,Cain LLC,"Lake Angela, Burundi",58287
96,UX Designer,Benson PLC,"Solisview, Bhutan",139064
97,Financial Analyst,Chavez-Price,"Alishaton, Pakistan",133589
98,UX Designer,"Henderson, Chan and Schultz","Jenniferstad, Mayotte",153257
99,Cybersecurity Specialist,Mcintosh Ltd,"South Paulastad, Faroe Islands",176361
100,Electrical Engineer,"Owen, Haney and Hunt","East Brianshire, Marshall Islands",42096
101,UX Designer,"Reed, Blackwell and Cruz","Lawsonview, Hungary",94460
102,Embedded Engineer,Golden LLC,"North Eric, Lithuania",90444
103,Database Administrator,"Johns, Young and Jimenez","Bettyburgh, Libyan Arab Jamahiriya",129227
104,Product Manager,Cervantes LLC,"West Melanie, Fiji",165680
105,AI Engineer,Turner and Sons,"South Austin, Congo",158648
106,Mechanical Engineer,"Vazquez, Norton and Hale","Powellton, Christmas Island",151037
107,Cloud Architect,Rodriguez-Pineda,"Chadberg, Yemen",169639
108,Research Assistant,Russell Group,"Thomaschester, Bahrain",71224
109,Cybersecurity Specialist,Decker-Blanchard,"Port Laura, Poland",50573
110,Data Scientist,"Jones, Russo and Solis","Ryanport, Falkland Islands (Malvinas)",136331
111,Data Analyst,Fuentes-Thomas,"Williamsmouth, United Arab Emirates",69019
112,System Administrator,Parrish-Taylor,"Hillville, Iraq",42160
113,Data Scientist,Yang Group,"East Emilyville, Papua New Guinea",75434
114,AI Engineer,Berry-Brown,"South Alexandraberg, Panama",53806
115,Database Administrator,Evans Inc,"Weeksbury, Svalbard & Jan Mayen Islands",131276
116,System Administrator,Carter-Avila,"Hannahbury, Ukraine",47271
117,UX Designer,Zuniga-Holder,"West Teresa, Antarctica (the territory South of 60 deg S)",65543
118,Network Engineer,Guzman Ltd,"Michaelville, Heard Island and McDonald Islands",59143
119,Data Scientist,"Williams, Davis and Graves","East Kevin, Puerto Rico",144139
120,Financial Analyst,Davis Group,"East Adam, Israel",124570
121,System Administrator,Garcia Inc,"East Nicoleton, United Arab Emirates",175617
122,Embedded Engineer,"Jimenez, Beck and Washington","Destinychester, Montserrat",77579
123,DevOps Engineer,Pitts Inc,"Lake Lisamouth, Eritrea",156378
124,Database Administrator,Hart-Franklin,"Taylorberg, Brazil",126710
125,Data Analyst,Wilkins PLC,"Donnafort, Nauru",160224
126,Network Engineer,Thomas-Green,"New Jennifer, Guernsey",176595
127,Product Manager,Carter-Romero,"Eugeneside, Serbia",145194
128,Financial Analyst,"George, Torres and Mcmillan","Baileyberg, South Georgia and the South Sandwich Islands",179342
129,Embedded Engineer,"Lowe, Walker and Wall","New Michellemouth, Greece",149326
130,Data Scientist,Mitchell LLC,"Port Christopher, Greenland",149212
131,AI Engineer,"Chambers, Rodriguez and Peterson","Brandifort, Sao Tome and Principe",49394
132,Cloud Architect,"Pittman, Arnold and Wright","South Amanda, Ukraine",125571
133,Data Analyst,Marks-Becker,"Roseborough, Slovenia",64874
134,Cloud Architect,Munoz and Sons,"Mooneyside, Djibouti",166558
135,Software Engineer,"Green, Hess and Mcconnell","West James, Italy",161710
136,Embedded Engineer,Serrano Inc,"Tracistad, Nigeria",92287
137,Business Analyst,"Smith, Moran and Martinez","Amandaborough, North Macedonia",129867
138,UX Designer,Edwards-Hansen,"Lake Susan, Montserrat",87151
139,UX Designer,"Noble, Conley and Lozano","Amandachester, Jamaica",120036
140,Marketing Analyst,Shea PLC,"Thompsonchester, Saint Kitts and Nevis",119168
141,Database Administrator,Rangel PLC,"Coreyview, Guyana",107209
142,Cloud Architect,Ballard and Sons,"Abigailfurt, Saint Vincent and the Grenadines",99411
143,Cybersecurity Specialist,Wilson LLC,"South Natalie, Botswana",157540
144,AI Engineer,Dixon-Williams,"Port Ryanville, Sierra Leone",88227
145,Product Manager,Jones-Shepard,"Barnesborough, South Africa",164963
146,Research Assistant,Lee-Booker,"Huntland, Kenya",118439
147,Embedded Engineer,Hall-Mills,"Rossville, Belgium",151152
148,Software Engineer,Roberts Group,"Gutierrezport, Maldives",59699
149,Business Analyst,Valencia PLC,"Goldenville, South Africa",134634
150,UX Designer,"Kaufman, Bennett and Farmer","Jeffreyport, Ghana",145349
151,Data Analyst,Green-Moreno,"South Kelsey, Turkmenistan",101690
152,System Administrator,Sweeney-Cruz,"South Kevin, Zimbabwe",51549
153,Mechanical Engineer,Palmer-Roberts,"Ashleyville, Pakistan",144004
154,Mechanical Engineer,Murphy-Chambers,"Ponceburgh, Montserrat",164176
155,Software Engineer,Harris-Sullivan,"North James, Cyprus",61698
156,UX Designer,Bonilla Group,"Duranburgh, Guatemala",169275
157,Software Engineer,"Burns, Martin and Alexander","Maryview, Honduras",135264
158,DevOps Engineer,Baker LLC,"Ingramberg, Turkmenistan",49613
159,Network Engineer,Scott-Johnson,"South Josephshire, Belgium",67144
160,UX Designer,Mayo Ltd,"Lake Jeffrey, Israel",127653
161,UX Designer,"Melendez, Morgan and Scott","Juliemouth, Saint Martin",137802
162,Data Scientist,Crawford Group,"Stephensonborough, Lesotho",149869
163,Marketing Analyst,Perry Ltd,"South Loriport, French Southern Territories",102410
164,Research Assistant,Mcdonald-Velazquez,"Perezfort, Algeria",56889
165,System Administrator,Mathews PLC,"East Christopher, Antigua and Barbuda",146751
166,AI Engineer,Cooley Inc,"Lake Lisatown, Bahrain",144152
167,Research Assistant,"Bernard, Anderson and Reyes","Shieldsmouth, Eritrea",144946
168,DevOps Engineer,Roman-Sellers,"South Patriciaville, Chile",102647
169,Marketing Analyst,Jones and Sons,"Leeberg, Congo",137249
170,Marketing Analyst,Yates Inc,"East Alyssatown, Turks and Caicos Islands",155323
171,Electrical Engineer,Henry-Hernandez,"Susanmouth, Lithuania",101981
172,Cloud Architect,Mcintyre-Pope,"Carpenterfurt, Svalbard & Jan Mayen Islands",109941
173,Software Engineer,Lucas PLC,"New Peter, United Arab Emirates",126921
174,UX Designer,Williams-Johnston,"Berrybury, French Guiana",100642
175,Mechanical Engineer,"Brown, Horn and Mayer","Wattsfort, United States Minor Outlying Islands",99364
176,Data Scientist,Hernandez Inc,"Hernandezport, Burkina Faso",168733
177,Software Engineer,White-Adams,"Jeffreyhaven, Antarctica (the territory South of 60 deg S)",147792
178,Research Assistant,Murray and Sons,"New Heatherborough, Mali",49705
179,Marketing Analyst,"Miller, Burnett and Johnson","Ericachester, Libyan Arab Jamahiriya",114561
180,DevOps Engineer,"Elliott, Hoffman and Patterson","Josephside, Bulgaria",107612
181,Network Engineer,"Underwood, Bonilla and Gill","Steinhaven, Saint Vincent and the Grenadines",104403
182,Embedded Engineer,Harris-Tran,"Port Kevin, Egypt",162659
183,Software Engineer,Carter-Riggs,"South Brianside, Bangladesh",92221
184,Database Administrator,Hoffman-Knight,"Lake Patrick, Montenegro",63323
185,AI Engineer,Parks-Griffith,"Brianatown, Egypt",102412
186,Product Manager,"Zavala, Osborn and Romero","North Gary, Ghana",152245
187,System Administrator,"Garcia, Price and Shaw","Sawyerton, Tuvalu",148039
188,Data Analyst,Simmons Inc,"West Christopherstad, Montenegro",97457
189,Cloud Architect,Rosales and Sons,"Port Karachester, Mexico",175763
190,Marketing Analyst,"Bass, Young and Gill","Lake Rhondaborough, Mexico",153830
191,Mechanical Engineer,Schneider LLC,"New Christinashire, Cuba",158262
192,Mechanical Engineer,"Wilson, Johnson and Ruiz","Warnerside, Monaco",58437
193,Embedded Engineer,Berry and Sons,"Burnsmouth, El Salvador",170275
194,Cybersecurity Specialist,"Clark, Hernandez and Richardson","East Jill, Croatia",56355
195,Product Manager,Miller Group,"East James, Guam",75043
196,Research Assistant,Gould-Thomas,"Munozside, Puerto Rico",138770
197,Network Engineer,"Suarez, Moore and Russell","Reedborough, Colombia",45082
198,Electrical Engineer,Daniel Inc,"North Victoria, Tunisia",102542
199,Product Manager,Allen-Velez,"Angelamouth, Tuvalu",133102
200,Research Assistant,Watkins Ltd,"Hubbardberg, Saudi Arabia",110855
201,Electrical Engineer,Gonzalez Inc,"Michellestad, Lithuania",134156
202,System Administrator,Frank-Wolfe,"Lake Donna, Armenia",71167
203,Electrical Engineer,Reynolds-King,"Karenberg, Denmark",66617
204,Electrical Engineer,Alvarez-Gilmore,"West Haileyville, Uruguay",118728
205,Network Engineer,Green-Fisher,"Williamhaven, Trinidad and Tobago",125158
206,Cloud Architect,King Inc,"Lake Andrew, Japan",150090
207,Marketing Analyst,Perez-Arias,"New Frank, San Marino",114049
208,Mechanical Engineer,"Ferguson, Jones and Richards","Brianberg, Brunei Darussalam",57597
209,Web Developer,Freeman and Sons,"Lopezchester, Isle of Man",59105
210,Data Analyst,Norris-Guzman,"West Hollyview, Australia",138965
211,Cybersecurity Specialist,"Bailey, Long and Hicks","Coxchester, New Caledonia",145219
212,System Administrator,"Wilson, Johnson and Yates","Kaylatown, Ukraine",131849
213,Embedded Engineer,Smith Group,"South Brandyland, Saint Vincent and the Grenadines",49614
214,UX Designer,Lambert PLC,"Port Edward, Falkland Islands (Malvinas)",143894
215,System Administrator,"Jones, White and Fleming","South Glenshire, Cyprus",88103
216,Embedded Engineer,Grimes-Grant,"Phamstad, Micronesia",124089
217,DevOps Engineer,Pearson-Reyes,"Lake Vincentmouth, Korea",44525
218,Web Developer,Raymond PLC,"North Nathan, Germany",107444
219,AI Engineer,Lee-Williams,"Davidhaven, Romania",128391
220,Cloud Architect,"Lee, Shaffer and Wallace","Port Jessicaview, Zambia",113225
221,UX Designer,Mata and Sons,"Laurenborough, Bulgaria",102615
222,Product Manager,"Boyer, Mayo and Williams","Allisonmouth, Fiji",165871
223,DevOps Engineer,Tucker Ltd,"South Jamesburgh, Palau",92502
224,Mechanical Engineer,Aguilar Inc,"North Jasonchester, Mongolia",144382
225,Software Engineer,Bridges Inc,"Brandimouth, Guinea",45277
226,System Administrator,Bates-Henson,"South Kellychester, Ukraine",109839
227,Financial Analyst,Andrews and Sons,"Ashleyfort, Japan",56502
228,Financial Analyst,Calderon Inc,"Kathrynhaven, Greenland",77316
229,Electrical Engineer,Hernandez LLC,"Port Barbaraburgh, Timor-Leste",59108
230,UX Designer,"Carroll, Pham and Gutierrez","Meganside, Haiti",61194
231,Cloud Architect,Willis-Hughes,"East Kylieton, Peru",92575
232,Business Analyst,Mercado-Higgins,"Lake Matthew, Malawi",128847
233,Mechanical Engineer,"Banks, Christian and Torres","Port Jessica, Brunei Darussalam",107346
234,UX Designer,Edwards-Thornton,"Bradleyville, French Guiana",139573
235,Web Developer,"Daniel, Carey and Johnson","Hooperton, Paraguay",151782
236,Mechanical Engineer,"Hill, Wilson and Garcia","Newmanland, Djibouti",166971
237,Marketing Analyst,"Pierce, Barnett and Smith","Jonesburgh, Belarus",162488
238,Embedded Engineer,Jones Inc,"Padillaville, Mongolia",126176
239,Data Analyst,Hall-Chang,"West Robert, Korea",43454
240,Network Engineer,Stewart LLC,"New Jefferymouth, Honduras",90390
241,Database Administrator,"Moore, Velasquez and Harris","West Austinfurt, Senegal",141134
242,Research Assistant,Edwards Inc,"South Kylefurt, Cape Verde",96217
243,Financial Analyst,Mclean-Adams,"Port Ashley, El Salvador",75752
244,DevOps Engineer,Thompson-Dunn,"Amandaland, Iceland",47986
245,Electrical Engineer,"Reed, Ward and Owens","Sandershaven, Argentina",103591
246,AI Engineer,Parks PLC,"Lake Eric, China",84028
247,Embedded Engineer,"Nguyen, Mullen and Mills","North Kevinshire, Australia",62344
248,DevOps Engineer,"Lewis, Bennett and Smith","East Rhondaton, Ethiopia",117725
249,UX Designer,Reid-Reyes,"Martinhaven, Saint Kitts and Nevis",159506
250,Cloud Architect,"Fox, Nolan and Davis","Brandonburgh, Greece",111282
251,DevOps Engineer,Lee-Mcdonald,"East Dianeport, Gambia",120995
252,Business Analyst,Ramirez-Guzman,"South Julieborough, Mongolia",58893
253,Software Engineer,Simmons-Neal,"Nguyenside, Greece",163874
254,Electrical Engineer,"Wong, White and Medina","Michelleside, Saint Kitts and Nevis",134185
255,UX Designer,Watts PLC,"Tonyamouth, Taiwan",84758
256,Financial Analyst,"Salazar, Martin and Hays","East Richard, Poland",79063
257,Data Analyst,"Dixon, Rhodes and Larsen","Sharonland, Gabon",130219
258,UX Designer,Ford-Miller,"North Travisfort, Colombia",41730
259,Data Scientist,Day LLC,"Port Lauren, Uganda",122628
260,Data Analyst,Sosa LLC,"Lake Jennifer, Suriname",79157
261,DevOps Engineer,"Cole, Gibbs and Norris","Scottfort, Central African Republic",55026
262,Financial Analyst,"Wilson, Martin and Turner","Barkerhaven, Antarctica (the territory South of 60 deg S)",142913
263,Data Scientist,"White, Robinson and Mendez","North Kevin, United States Minor Outlying Islands",122136
264,UX Designer,Stevenson Inc,"Penafort, Myanmar",170963
265,Cybersecurity Specialist,"Oliver, Spence and Bowman","South Kevinshire, Ukraine",148206
266,Mechanical Engineer,Terry-Hayes,"Lake Jonmouth, Slovenia",118787
267,Cybersecurity Specialist,Kennedy-Garcia,"Patriciaburgh, Tajikistan",113343
268,DevOps Engineer,Nelson PLC,"New Paulfurt, Antigua and Barbuda",149436
269,Mechanical Engineer,Bennett-Webster,"Yatesfurt, Guyana",44697
270,Electrical Engineer,Alexander-Miles,"Zacharymouth, Cyprus",91824
271,Marketing Analyst,Johnson Ltd,"Lake Mary, Bolivia",166897
272,Software Engineer,"Lynch, Barton and Franklin","East Dianafurt, Poland",100962
273,Data Analyst,Figueroa PLC,"Helenburgh, Finland",164496
274,Marketing Analyst,"Moody, Zuniga and Wagner","East Sharonborough, Mexico",100767
275,AI Engineer,"Howard, Perry and Bell","Tiffanybury, Niue",171730
276,Mechanical Engineer,Deleon Ltd,"Lake Vincenthaven, Croatia",50308
277,Data Analyst,Johns Group,"Port Matthew, Tajikistan",134022
278,Mechanical Engineer,Hill-Fisher,"Pamelafurt, Reunion",150339
279,Mechanical Engineer,"Mccarthy, Nash and Mullen","Deborahberg, Liechtenstein",133957
280,System Administrator,"Holmes, Mitchell and Dennis","Port Charles, Turkey",157184
281,System Administrator,Brown and Sons,"Port Wendy, Turkey",80461
282,Electrical Engineer,"Morris, Wheeler and Torres","Thomasmouth, United Arab Emirates",80776
283,Electrical Engineer,Romero Group,"Fullerhaven, Seychelles",84432
284,Software Engineer,Wilson Group,"West Brandonmouth, Tuvalu",89941
285,Business Analyst,Carroll LLC,"New Bianca, Brunei Darussalam",44192
286,Software Engineer,"Hunter, Banks and Chavez","South Donald, Peru",119400
287,Cloud Architect,Smith-Burke,"Hamiltonfort, Austria",42548
288,Product Manager,Morgan-Patel,"East Richardmouth, Pitcairn Islands",66289
289,Mechanical Engineer,Jacobson Inc,"Anaville, Slovenia",82777
290,Research Assistant,"Clark, Martin and Hernandez","New Michael, Taiwan",60869
291,Cybersecurity Specialist,Spears PLC,"East Elizabethhaven, Norway",80005
292,System Administrator,Krause PLC,"Nancyport, Peru",160187
293,Software Engineer,Alexander-Neal,"Joelstad, Indonesia",92216
294,Database Administrator,"Lewis, Smith and Serrano","Thomastown, Saint Barthelemy",56365
295,Research Assistant,"Price, Francis and Russell","Jonesville, Mongolia",99613
296,Data Scientist,"Nguyen, Leblanc and Smith","Lake David, Benin",164866
297,Data Analyst,"Daniels, Gonzalez and Anderson","Johnberg, Slovenia",40777
298,Product Manager,Mccoy PLC,"Heatherburgh, Azerbaijan",65757
299,Database Administrator,Garcia-Hill,"Hallberg, Samoa",133512
300,DevOps Engineer,Peters-Brown,"Gonzalezborough, Tajikistan",47420
301,Data Scientist,King Ltd,"East Feliciaborough, Tokelau",102800
302,System Administrator,Branch LLC,"Susanburgh, Morocco",144360
303,AI Engineer,Rubio-Cruz,"South Michelle, El Salvador",84049
304,System Administrator,Mason-Kim,"West Cheryl, Mozambique",151107
305,Cybersecurity Specialist,"Harrison, Faulkner and Hodge","Thompsonside, Bhutan",123762
306,Network Engineer,"Miller, Smith and Ibarra","Kevinburgh, Niger",148765
307,AI Engineer,Harvey Ltd,"Ericshire, Syrian Arab Republic",134663
308,Electrical Engineer,Carroll-James,"Jasonberg, Kenya",146452
309,DevOps Engineer,"Jensen, Pratt and Smith","Ricestad, Burundi",127596
310,AI Engineer,"Tran, Sawyer and Boyd","Barbaraport, Malawi",177880
311,Research Assistant,"Hubbard, Taylor and Baker","Port Michaelchester, French Southern Territories",123991
312,Mechanical Engineer,Jones Group,"Joshuaton, Central African Republic",130062
313,AI Engineer,Snyder LLC,"East Taraburgh, New Caledonia",65636
314,UX Designer,Reynolds-Walker,"West Matthewmouth, Denmark",174507
315,Research Assistant,"Young, Weiss and Gray","Juliefurt, Benin",46971
316,Mechanical Engineer,Crawford LLC,"West Morganview, Argentina",47941
317,Database Administrator,Hunter Ltd,"South Joyfort, Senegal",71603
318,System Administrator,Gomez-Snyder,"Herreraland, Saint Lucia",83720
319,Cloud Architect,Vargas-Walsh,"North Darleneside, Paraguay",63996
320,Product Manager,"Garner, Ponce and Mcbride","Lake Carolmouth, Mauritius",43439
321,Cybersecurity Specialist,"Murray, Cochran and Fields","Rebeccastad, Moldova",137391
322,Business Analyst,"Black, Mitchell and Moore","Warrenside, Saint Lucia",93732
323,Cloud Architect,Rodriguez-Turner,"Christinatown, Grenada",76738
324,Embedded Engineer,Harris Inc,"Lynnmouth, Turkey",44691
325,Cloud Architect,Bradshaw-Thompson,"Chapmanport, Saudi Arabia",50568
326,Network Engineer,Ramirez-Hart,"Robbinsfort, Western Sahara",68703
327,Data Analyst,"Cole, Wood and Jackson","Blaketown, Sao Tome and Principe",107380
328,DevOps Engineer,"Shelton, Black and Powers","Matthewville, Haiti",175938
329,Research Assistant,"Lam, Porter and Johnson","West Robert, Cape Verde",137896
330,Business Analyst,Rowe-Poole,"Lisaton, Italy",64907
331,Database Administrator,Estrada-Gardner,"Michaelstad, Netherlands",143859
332,Web Developer,Pierce-Hutchinson,"Lesterton, Sudan",155534
333,Marketing Analyst,Bullock PLC,"Markburgh, Poland",94496
334,Data Scientist,Curtis-Taylor,"West Williamtown, Tuvalu",134947
335,Cloud Architect,Martinez and Sons,"East Elizabeth, Tanzania",116387
336,Marketing Analyst,Carlson PLC,"South Sandra, Papua New Guinea",176234
337,Web Developer,Fleming Ltd,"East Sonyafurt, Germany",97543
338,Network Engineer,"Williams, Osborne and Graves","Stephensfurt, Vietnam",69812
339,AI Engineer,Walker-Mckee,"South Carrie, Gambia",58291
340,DevOps Engineer,Sutton-Fowler,"South Bethanymouth, Saudi Arabia",118632
341,Database Administrator,"Hardin, Ho and Chambers","New Susanberg, Sierra Leone",173499
342,Network Engineer,Hunter Inc,"North Michaelborough, Western Sahara",87391
343,Data Scientist,"Walker, Robbins and Butler","West Monicafort, Germany",84602
344,Research Assistant,"Price, Olson and Dixon","Port Amber, Austria",111948
345,DevOps Engineer,Gonzalez-Stewart,"Port Michael, Martinique",168844
346,Financial Analyst,Washington-Beard,"South Rebecca, Hungary",91469
347,Cloud Architect,Thompson Group,"Austinton, Falkland Islands (Malvinas)",115653
348,Network Engineer,"Morrow, Martin and Carter","Lake Jessica, Hungary",165332
349,Data Analyst,Richards-Kemp,"Joanview, Liechtenstein",49919
350,Business Analyst,"Morris, Velasquez and Allen","Lake Darrenchester, Congo",157439
351,Database Administrator,Moore-Harris,"New Elizabeth, Zambia",107827
352,Cybersecurity Specialist,Rodriguez-Benson,"New Christinachester, Mauritius",170904
353,UX Designer,Brock-Ross,"Onealside, Grenada",160058
354,Data Scientist,Schultz and Sons,"West Stephanie, Hong Kong",86468
355,DevOps Engineer,"Juarez, Hinton and King","Barberborough, Liberia",51349
356,Electrical Engineer,"Peterson, Mayer and Snyder","East Eileen, Algeria",55358
357,Financial Analyst,Gordon-Gonzales,"New Curtis, Chad",91596
358,Web Developer,Watts-Petersen,"East Matthewmouth, Maldives",88825
359,Embedded Engineer,"Summers, Wright and Campbell","Port Toniview, Portugal",111395
360,DevOps Engineer,Alexander-Wells,"Rodrigueztown, Uganda",133858
361,AI Engineer,Bell Ltd,"Port Robert, Niger",146492
362,Research Assistant,Montgomery and Sons,"Rossshire, Sweden",95898
363,DevOps Engineer,Wallace-Garner,"North Leonard, China",129910
364,Financial Analyst,"Parker, Gonzales and Martinez","North Bruceland, Lebanon",42539
365,Cloud Architect,Huff LLC,"Lake Philliphaven, Afghanistan",158133
366,Network Engineer,Le-Steele,"New Jaimeville, Malawi",61181
367,Financial Analyst,Burnett LLC,"East Kristiburgh, Kiribati",53749
368,Software Engineer,Frost-Moore,"Masonfort, Angola",58218
369,Web Developer,Krueger-Murillo,"New Charles, Venezuela",124136
370,Database Administrator,"Dorsey, Santana and Peterson","Kevinfort, Slovakia (Slovak Republic)",101463
371,Research Assistant,Campbell LLC,"Christinaview, Canada",156807
372,Financial Analyst,"Cline, Campbell and Mclean","Patrickstad, Tanzania",178096
373,Network Engineer,Bailey PLC,"Keithshire, Germany",102347
374,Data Scientist,Dominguez-Berg,"South Jessicaton, Moldova",127645
375,Research Assistant,"Williams, Hudson and Kim","North Timothyborough, Ukraine",167158
376,Cloud Architect,Mccormick Ltd,"Patriciaton, Belarus",72531
377,Financial Analyst,Frank-Ingram,"West Anthonyport, Cote d'Ivoire",89868
378,Data Scientist,"Parker, Elliott and Crane","East Travisstad, United Kingdom",135326
379,Research Assistant,"Padilla, Gaines and Garcia","West Julie, Bolivia",157401
380,Software Engineer,"Hickman, Cooper and Rosales","South Patrickhaven, Kuwait",83877
381,Research Assistant,David-Richardson,"Lake Marie, Estonia",65916
382,Cloud Architect,Cooper-Garcia,"Lake Laurenview, Botswana",166553
383,Business Analyst,"Mack, Chapman and Miller","South Sarahside, Bahamas",171055
384,Mechanical Engineer,"Olsen, Garcia and Mejia","Meyerbury, Lesotho",85914
385,Research Assistant,Gross PLC,"Williamsfurt, Micronesia",135382
386,Cybersecurity Specialist,Bush Group,"Christineton, Serbia",86470
387,Electrical Engineer,Nelson-Patrick,"Lake Brian, Bouvet Island (Bouvetoya)",110649
388,Business Analyst,Duncan-Hamilton,"Port Maryshire, Ecuador",166635
389,Database Administrator,"Johnson, Barnes and Monroe","East Jessicaville, Seychelles",104791
390,Software Engineer,Davis Ltd,"Port Brian, French Guiana",91674
391,AI Engineer,"Harris, Rivera and Hicks","Yatesview, South Africa",116394
392,Research Assistant,"Pace, Moore and Clark","South Aaron, India",157060
393,Database Administrator,"Davis, Rogers and Mathis","Crawfordland, Oman",84761
394,System Administrator,Smith and Sons,"East Nicolemouth, Maldives",41177
395,Web Developer,Campbell-Bryant,"Colontown, Slovenia",132350
396,Web Developer,Hernandez-Buckley,"West Olivia, Spain",66539
397,Research Assistant,"Morris, Conrad and Coleman","Gibbsside, Paraguay",172975
398,Mechanical Engineer,Fischer Ltd,"Sandramouth, Burundi",99852
399,System Administrator,"Lucas, Duffy and Weaver","Spenceborough, Cambodia",170534
400,Marketing Analyst,Stevenson Group,"Hallville, North Macedonia",140982
401,Financial Analyst,Smith and Sons,"Garciahaven, Switzerland",159399
402,Cloud Architect,Collins-Mccormick,"East Kim, Afghanistan",163967
403,DevOps Engineer,Best-Everett,"Stoneburgh, Malaysia",146436
404,Network Engineer,Williams Ltd,"West Sonia, Trinidad and Tobago",48804
405,AI Engineer,Contreras LLC,"South Ann, Jamaica",98779
406,Research Assistant,Lewis Ltd,"Port Albert, Ukraine",114602
407,Electrical Engineer,Smith and Sons,"New Caitlin, Guadeloupe",147358
408,Financial Analyst,Thompson-White,"Nancyborough, Greenland",137716
409,Web Developer,King-Mccoy,"South Kimberlymouth, South Georgia and the South Sandwich Islands",152060
410,System Administrator,Miller-Herrera,"Port Donnamouth, Uzbekistan",165404
411,DevOps Engineer,Gaines-Petersen,"Port Ashley, Bolivia",113694
412,Cloud Architect,"Jackson, Fletcher and Dixon","North Amanda, Senegal",52522
413,Business Analyst,Stevenson-Smith,"Donaldsonton, Saint Kitts and Nevis",133149
414,Embedded Engineer,Erickson-Cochran,"Jasonchester, Lao People's Democratic Republic",46110
415,Business Analyst,Patrick-Lucero,"West Timothyborough, Qatar",107928
416,Marketing Analyst,Myers PLC,"South Shannonmouth, Northern Mariana Islands",161484
417,Database Administrator,Nelson Inc,"Markshire, Bangladesh",179388
418,DevOps Engineer,"Banks, Allen and Norton","New Richardfort, Canada",68368
419,Data Scientist,Benson-Bennett,"Russostad, Solomon Islands",91163
420,Cloud Architect,"Arnold, Willis and Lee","Zacharyfort, Heard Island and McDonald Islands",128410
421,Data Analyst,Klein PLC,"Juliaport, French Guiana",59269
422,Business Analyst,Swanson-Clark,"Janeville, Afghanistan",127824
423,Research Assistant,Evans and Sons,"Walkerborough, Austria",62394
424,Data Analyst,Williams-Chan,"New Rebecca, Iceland",107062
425,Product Manager,Anderson Group,"Caitlinfurt, Bangladesh",89471
426,UX Designer,Todd-Brooks,"Watsonburgh, Monaco",103760
427,Cybersecurity Specialist,Alvarez-Bridges,"New Mark, Montserrat",61827
428,Data Analyst,"Herrera, Johnston and Kim","South Julie, Tanzania",115936
429,Database Administrator,"Meadows, Johnson and Dixon","Morganmouth, Poland",47803
430,Software Engineer,Fisher-Stevens,"Sonyastad, Montserrat",72218
431,UX Designer,Davis PLC,"Petersville, Yemen",63201
432,Embedded Engineer,Ali LLC,"Maryshire, Burundi",131370
433,Cybersecurity Specialist,Phelps PLC,"Michaelchester, Cameroon",108106
434,Embedded Engineer,"Dunn, Copeland and Lewis","Lake Kennethfurt, Saint Kitts and Nevis",149298
435,Network Engineer,Cunningham-Vega,"South Bruce, Falkland Islands (Malvinas)",139311
436,Cybersecurity Specialist,"Terry, Johnson and Reynolds","Wilsonport, Wallis and Futuna",51349
437,Cloud Architect,Johnson Inc,"Port Patriciaville, Romania",111589
438,Embedded Engineer,Anderson and Sons,"East Chelsey, San Marino",116030
439,Mechanical Engineer,"Sanders, Saunders and Nguyen","North April, Syrian Arab Republic",76958
440,Marketing Analyst,Crawford PLC,"South Duane, Chad",177396
441,System Administrator,Johnson-Baker,"Port Thomashaven, Hungary",106248
442,Business Analyst,Hernandez LLC,"South Louisland, Sweden",150935
443,Network Engineer,Jordan-Lynch,"Mooremouth, Saint Pierre and Miquelon",137340
444,Network Engineer,Nelson-Sutton,"West Karenbury, Australia",56037
445,Marketing Analyst,Manning-Perry,"Juliemouth, Congo",75771
446,DevOps Engineer,Garcia-Murphy,"North Jeffrey, Barbados",152362
447,Mechanical Engineer,"Shelton, Ibarra and Delgado","Robertport, Afghanistan",121402
448,Financial Analyst,"Ramirez, Nichols and Strickland","West Ronald, Andorra",152958
449,Research Assistant,Hart PLC,"West Heidi, Dominica",153770
450,UX Designer,Turner PLC,"Nicholschester, Portugal",60398
451,Marketing Analyst,"Evans, Lloyd and Becker","Adrianmouth, Colombia",134826
452,Data Scientist,Stewart and Sons,"West Kimberlytown, Nepal",74683
453,Mechanical Engineer,Thomas-Wilson,"South Janet, Afghanistan",153777
454,Embedded Engineer,Parker-Wood,"Kristentown, Samoa",59182
455,Product Manager,"Brown, Clark and Harrington","Scottberg, Italy",138903
456,Research Assistant,Watson-Navarro,"Lake Morganshire, Cocos (Keeling) Islands",65371
457,Cybersecurity Specialist,Nguyen Ltd,"New Alecland, Turkmenistan",102132
458,Data Analyst,"Chen, Moreno and Williams","Greenehaven, Bahamas",42895
459,Electrical Engineer,"Robinson, Wise and Miller","Port Deborah, Russian Federation",80866
460,Data Analyst,Woods Group,"New Thomasmouth, Sri Lanka",73223
461,Mechanical Engineer,Zavala and Sons,"East Jerry, El Salvador",53641
462,Marketing Analyst,Benjamin-Davis,"Lake Kristyfurt, Armenia",144026
463,Marketing Analyst,Nash-Hansen,"Scotttown, Holy See (Vatican City State)",173696
464,Database Administrator,Gonzalez-Vincent,"South Jason, Togo",54973
465,Database Administrator,West PLC,"Andersonview, Guernsey",80530
466,Electrical Engineer,Lewis and Sons,"South Dakotaville, Bouvet Island (Bouvetoya)",107105
467,Embedded Engineer,Hansen Ltd,"East Josephmouth, French Polynesia",57993
468,Embedded Engineer,Garcia-Oliver,"Johnsonborough, North Macedonia",120715
469,System Administrator,Hicks-Jordan,"Crystalfurt, Peru",71599
470,Data Analyst,Bailey-Hughes,"Port Juanfurt, Liechtenstein",43935
471,Software Engineer,Duncan-Banks,"Baileybury, Korea",77916
472,Mechanical Engineer,Williams-Dennis,"Ewingville, Finland",71002
473,Software Engineer,"Thompson, Lee and Watkins","Cynthiaside, Cayman Islands",76879
474,Product Manager,Martin-Norris,"South Leonard, Maldives",57741
475,Cloud Architect,Holmes-Webster,"Kimberlystad, Christmas Island",46420
476,Cybersecurity Specialist,Martinez Inc,"Port Matthewmouth, Cameroon",76281
477,Financial Analyst,Nelson Group,"Whitehaven, Tanzania",44328
478,Web Developer,"Landry, Henry and Walker","East Michael, Samoa",164636
479,Product Manager,"Lewis, Williams and Nelson","Wallacefurt, Micronesia",107342
480,AI Engineer,Carlson Inc,"Lake Katrina, Swaziland",173785
481,Embedded Engineer,"Jackson, Berry and Warren","Petersonport, Bosnia and Herzegovina",74235
482,Business Analyst,Thomas-Francis,"Melissastad, Cote d'Ivoire",67257
483,Business Analyst,"Miller, Sexton and Morris","New Elizabethmouth, Turkmenistan",78221
484,Embedded Engineer,Burns PLC,"Kevinborough, Brazil",163812
485,Database Administrator,"Simmons, Wilson and Lee","Priceton, Moldova",176954
486,UX Designer,Wilson-Jensen,"Steeleborough, Gabon",133010
487,Software Engineer,Dennis-Pruitt,"North Hector, Montenegro",118399
488,DevOps Engineer,"Jones, Pierce and George","Kaneville, Armenia",120294
489,Cybersecurity Specialist,Banks-Jackson,"Stevenmouth, Ecuador",75415
490,System Administrator,Ferguson-Gonzalez,"Jasmineburgh, Iraq",122919
491,UX Designer,Murphy-Huang,"Christopherview, Mongolia",109176
492,Software Engineer,Hull-Neal,"West Lori, Bulgaria",98932
493,System Administrator,"Davis, Mccormick and Williams","Lake Johnstad, Mayotte",87921
494,Marketing Analyst,Collins and Sons,"Howardton, Korea",58135
495,Marketing Analyst,"Barnes, Bruce and Hartman","Walkerfurt, Guam",121120
496,Web Developer,"Anderson, Walker and Miranda","East Markshire, United States Virgin Islands",107709
497,Mechanical Engineer,"Armstrong, Davis and Peters","Port Laura, Nauru",175779
498,Web Developer,Garcia PLC,"West Sierrafort, Guinea",72722
499,Mechanical Engineer,"Wood, Larson and Davidson","Amyshire, Libyan Arab Jamahiriya",143131
500,Marketing Analyst,"Jones, Ray and Jones","Williamchester, United Arab Emirates",58144
501,UX Designer,Wiley-Lee,"Martinhaven, Gabon",60831
502,Database Administrator,"Horne, Stuart and Rose","Rogersstad, Zambia",123371
503,Electrical Engineer,Smith and Sons,"Blackwellberg, Czech Republic",105658
504,Financial Analyst,Kim LLC,"New Lisa, Jersey",173158
505,Network Engineer,"Vasquez, Gilbert and Lee","Garciamouth, Turkmenistan",106607
506,Financial Analyst,Anderson-Meyer,"Lake Ericmouth, Mali",132428
507,Financial Analyst,"Baker, Perry and Malone","West Bobbyville, Australia",47183
508,Product Manager,Stewart Ltd,"North Steven, Sweden",67385
509,Research Assistant,Phillips Group,"Kimborough, Bermuda",174963
510,DevOps Engineer,"Mccarthy, Dalton and Myers","East John, Turkey",105781
511,Business Analyst,"Sanchez, Smith and Schneider","Chapmanville, United Kingdom",46866
512,Web Developer,Foster PLC,"Kiaramouth, Dominica",72217
513,Data Scientist,Williams-Perkins,"Patriciaburgh, Tajikistan",160395
514,Software Engineer,"Brown, Bishop and Williams","North Jeffrey, Djibouti",52196
515,Embedded Engineer,Dickerson LLC,"Jillborough, Uganda",126621
516,Network Engineer,King Ltd,"Port Emily, Saint Kitts and Nevis",143959
517,AI Engineer,"Fisher, Gates and Williams","Lake Josephfort, French Guiana",159796
518,Product Manager,Mooney Inc,"North Julieville, Germany",103654
519,Research Assistant,"Woods, Morales and Hancock","Vanessahaven, Guadeloupe",135507
520,UX Designer,"Williams, Cole and White","Allenberg, Senegal",140569
521,DevOps Engineer,"Howard, Adkins and Ford","East Andrea, Egypt",153258
522,DevOps Engineer,Esparza LLC,"Kimberlychester, France",88923
523,Embedded Engineer,Martin-Long,"Schmittmouth, Burundi",45175
524,Financial Analyst,Miller and Sons,"Port Paul, Guyana",86506
525,System Administrator,Owens PLC,"New Travisland, Malta",136361
526,Cybersecurity Specialist,Vega Ltd,"West Shannon, Dominica",167598
527,Financial Analyst,Farrell PLC,"Elizabethland, Mongolia",141472
528,AI Engineer,"Leonard, Christian and Oneill","North Brian, Mali",159445
529,Financial Analyst,"Foster, Douglas and Conner","Joeborough, Bahamas",57929
530,Electrical Engineer,"Acevedo, Gray and Stephens","East Karenbury, El Salvador",157583
531,Business Analyst,Kramer Inc,"South Meghan, Cambodia",76493
532,DevOps Engineer,"Lane, Simpson and Gilmore","Port Richard, Grenada",57984
533,Electrical Engineer,"Vasquez, Moore and Johnson","Dennismouth, Reunion",44899
534,Business Analyst,Taylor PLC,"Dillonborough, Congo",126953
535,AI Engineer,Cook-Garcia,"Nicoleport, Malawi",157134
536,DevOps Engineer,Jones-Grant,"Port William, Bolivia",139378
537,Software Engineer,"Parrish, Santiago and Lawrence","Wilsonbury, Mauritius",73521
538,Data Scientist,Wong LLC,"Raymondhaven, Reunion",163064
539,Cloud Architect,"Black, Larsen and Fox","North Christophermouth, Tanzania",42900
540,Marketing Analyst,Hubbard-Velasquez,"Robinborough, Antigua and Barbuda",176661
541,DevOps Engineer,"Mclaughlin, Carrillo and Morgan","Stephanieborough, Montserrat",114169
542,Product Manager,"Gordon, Smith and Smith","Sarahstad, Moldova",109114
543,Network Engineer,"Martinez, Dennis and Nichols","West Sydneyville, Kazakhstan",110115
544,Cybersecurity Specialist,Moran Inc,"Ashleybury, Tonga",131596
545,Mechanical Engineer,"Mcknight, Davis and Turner","Port Billy, North Macedonia",121516
546,Financial Analyst,Bowers Ltd,"West Lisahaven, Lithuania",86706
547,Electrical Engineer,Stanton PLC,"Christophertown, Cape Verde",100172
548,Database Administrator,Woods Ltd,"North Frederickmouth, Tokelau",141531
549,Financial Analyst,"Weber, Reeves and Hernandez","Leeville, Armenia",125957
550,DevOps Engineer,"Aguilar, Sullivan and Morris","North Christopherton, Greenland",75062
551,Data Scientist,Vega-Benson,"West Karen, Turks and Caicos Islands",174136
552,Mechanical Engineer,Jordan Ltd,"Baileyview, Burkina Faso",167615
553,Electrical Engineer,Wilkerson-Brown,"Lake Natalie, Peru",91796
554,Data Scientist,"Pierce, Davis and Howell","North Meredithside, Christmas Island",175662
555,Marketing Analyst,"Anderson, Roberts and Jackson","Barkerburgh, Kyrgyz Republic",93468
556,Financial Analyst,"Phillips, Robinson and Valdez","Port Williamport, Uzbekistan",147532
557,Web Developer,Campbell-Ellis,"Summersmouth, Sudan",123066
558,Database Administrator,"Diaz, Farmer and Howard","Port James, Czech Republic",65944
559,Marketing Analyst,"Wheeler, Rivera and Hale","Port Kelseytown, Antigua and Barbuda",99504
560,Data Scientist,Martinez Ltd,"Millerland, Swaziland",40877
561,Cybersecurity Specialist,Bryant-Rodriguez,"Jamieberg, Equatorial Guinea",71151
562,Electrical Engineer,Stanley-Villanueva,"South Joseph, Monaco",86682
563,DevOps Engineer,Beltran-Olson,"South Jessica, Jordan",132514
564,Mechanical Engineer,Davis-Lynn,"Kristinaville, Greenland",86387
565,Software Engineer,"Miller, Frederick and Li","New Alexander, Russian Federation",95337
566,Database Administrator,"Hall, Jimenez and Maldonado","Brittneyfort, Angola",69077
567,Product Manager,"Thompson, Gibbs and Watson","Noahville, Brazil",40769
568,Database Administrator,Sharp-Webster,"Ericchester, Turks and Caicos Islands",142212
569,Web Developer,Taylor and Sons,"Erictown, Wallis and Futuna",58813
570,Electrical Engineer,"Vang, Walker and Mason","East Andresport, Maldives",77922
571,Data Analyst,"Rogers, Wade and Hernandez","Dennisland, Kazakhstan",113140
572,Electrical Engineer,Martinez LLC,"New Jennifermouth, Gambia",87457
573,Product Manager,Bonilla Inc,"Port Amy, Kuwait",87260
574,Mechanical Engineer,Bryant PLC,"West Ronaldberg, Guinea-Bissau",111355
575,Financial Analyst,Green Group,"Port Jonmouth, Cyprus",116796
576,Software Engineer,"Kim, Shaw and Murphy","East Williamshire, Turkmenistan",169859
577,Data Analyst,Davis Ltd,"Autumnfort, Cote d'Ivoire",69175
578,Cloud Architect,Smith-Jacobs,"Debrabury, Brunei Darussalam",95079
579,Cybersecurity Specialist,"Mosley, Hess and Torres","Curtisshire, Cuba",153219
580,Cloud Architect,"Neal, Diaz and Allen","Wadehaven, Lithuania",105423
581,System Administrator,Daniels Ltd,"Hernandezside, Pitcairn Islands",78702
582,Cybersecurity Specialist,Hendricks Group,"South Melanie, Afghanistan",143775
583,Data Scientist,Johnson LLC,"East Yesenia, Trinidad and Tobago",133689
584,UX Designer,Lowe Group,"West Josephview, Palestinian Territory",56592
585,System Administrator,Oneal LLC,"Port Nicholas, Congo",70958
586,Cloud Architect,Harrison PLC,"New Christopher, Brunei Darussalam",80725
587,Embedded Engineer,"Weber, Ali and Green","West Tara, Gabon",67980
588,Financial Analyst,"Choi, Walsh and Love","North Loretta, Liechtenstein",96650
589,Marketing Analyst,Mckinney Ltd,"Cookside, Saint Pierre and Miquelon",149909
590,Database Administrator,Frazier LLC,"North Dianahaven, Sri Lanka",114807
591,Database Administrator,"Hale, Joseph and Kelly","Paulville, Uruguay",102099
592,Financial Analyst,"Martin, Martinez and Jenkins","South Brian, Turks and Caicos Islands",136718
593,Database Administrator,Watkins-Wood,"West Robertmouth, Saint Kitts and Nevis",131626
594,Web Developer,"Carpenter, Davis and Burgess","Lake Courtney, Monaco",163683
595,Electrical Engineer,"Holmes, Byrd and Williams","Port Jacob, United Kingdom",97343
596,AI Engineer,Ray-Campbell,"Port Angela, Swaziland",69473
597,Cloud Architect,Wilkins-Miller,"Lake Tara, Montserrat",84846
598,Marketing Analyst,Koch-Higgins,"New Patrickton, Palau",94413
599,Electrical Engineer,"Campbell, Fernandez and Martin","Johnhaven, Liechtenstein",75457
600,Electrical Engineer,Williams Group,"Port Michaelmouth, Faroe Islands",88440
601,AI Engineer,Hernandez LLC,"Robertstad, Lao People's Democratic Republic",138015
602,Data Scientist,Smith LLC,"East Kathleenbury, Denmark",154636
603,System Administrator,Peterson LLC,"Charlesborough, Brunei Darussalam",60164
604,UX Designer,Johnson Group,"Marciaview, Iraq",148598
605,Business Analyst,Newman and Sons,"North Sarahfort, French Guiana",175928
606,Database Administrator,Richardson-Zuniga,"Nicolemouth, Chad",46275
607,Data Scientist,Silva and Sons,"Port Nancyside, Guadeloupe",133179
608,Cloud Architect,"Parker, Chapman and Melton","West Calebland, Syrian Arab Republic",128314
609,Financial Analyst,"Hogan, Lin and Steele","West Matthewfurt, Jordan",179407
610,Electrical Engineer,Stanley-Hawkins,"Coxfurt, Reunion",129091
611,UX Designer,"Diaz, Jordan and Rowe","North Michael, Belize",110163
612,Data Analyst,Collins Group,"Port Scottberg, Senegal",139802
613,Data Scientist,Tyler-Ortiz,"Port Kenneth, Mauritius",162294
614,Marketing Analyst,Horn-Nielsen,"East Michael, Cambodia",42669
615,Electrical Engineer,"Turner, Reed and Jensen","Welchfurt, Panama",61157
616,Embedded Engineer,Martinez-Conley,"Williamsbury, Mauritius",160596
617,Web Developer,Gray-Mccoy,"Heatherhaven, Korea",40057
618,Cybersecurity Specialist,"Austin, Lucero and Bailey","Tateshire, Costa Rica",143756
619,Embedded Engineer,"Hodges, Solomon and Guerrero","North Gregory, Solomon Islands",105352
620,Embedded Engineer,Stewart Ltd,"Maloneton, Slovakia (Slovak Republic)",174732
621,Financial Analyst,Patterson Inc,"Port Erin, Anguilla",130803
622,Cybersecurity Specialist,Cortez Inc,"Michelleberg, British Indian Ocean Territory (Chagos Archipelago)",115217
623,Database Administrator,Lopez-Johnson,"North Rachel, Gabon",57024
624,Product Manager,Hunter Group,"Cabrerafurt, Belarus",80273
625,Mechanical Engineer,Mckay-Simmons,"Lake Javierport, Slovenia",100045
626,Database Administrator,Mcgrath and Sons,"Dawsonberg, Nicaragua",175177
627,Data Scientist,Brown-Torres,"Richardview, Kyrgyz Republic",79854
628,Mechanical Engineer,Cruz LLC,"Smithport, Argentina",96861
629,Research Assistant,Arellano-Alvarez,"East Zachary, Brazil",178218
630,UX Designer,Stanley-Hinton,"East Sarah, Reunion",150290
631,Marketing Analyst,Mcguire-Williams,"North Ashley, Haiti",97077
632,Electrical Engineer,Brooks Ltd,"North Bethany, Belize",55625
633,Software Engineer,"Brewer, Glenn and White","Port Catherineland, Lebanon",56159
634,Cloud Architect,King LLC,"New Waltermouth, Gibraltar",171784
635,Financial Analyst,White-Stewart,"East Karenport, Kuwait",89222
636,Marketing Analyst,Odom LLC,"Jamesborough, Yemen",160741
637,Marketing Analyst,"Jones, Hayes and Weaver","Haastown, Brazil",67008
638,Cybersecurity Specialist,"Williams, Ford and Romero","Port Janicechester, Portugal",65926
639,Web Developer,Watkins-Armstrong,"Lake Nathanview, Cote d'Ivoire",147503
640,Marketing Analyst,Santos Ltd,"South Trevorfurt, Saint Helena",145590
641,Business Analyst,Simpson and Sons,"Natalietown, Belize",115624
642,DevOps Engineer,"Martinez, Miller and Ramirez","North Justin, Bhutan",44081
643,System Administrator,Garrison-Campbell,"Lake Crystal, Congo",154227
644,Product Manager,Garcia Inc,"New Carlside, Canada",92490
645,Cloud Architect,Bailey-Moore,"Kelseytown, Cocos (Keeling) Islands",66418
646,Marketing Analyst,Valdez-Williams,"Emilyport, British Indian Ocean Territory (Chagos Archipelago)",41561
647,Embedded Engineer,Mcdonald-Murphy,"Murrayville, Liechtenstein",133487
648,Software Engineer,Smith and Sons,"New Deanna, Croatia",98172
649,Business Analyst,"Wall, Lamb and Smith","Dixonburgh, Cyprus",148957
650,Product Manager,Porter-White,"Chelseabury, Georgia",177041
651,Cybersecurity Specialist,Hart-Fisher,"North Mark, Botswana",109402
652,Marketing Analyst,Cole-Blackburn,"East Shirley, Switzerland",136694
653,Mechanical Engineer,Sawyer LLC,"North Patriciaville, Nepal",56981
654,Financial Analyst,Hayes Group,"Michaelshire, Cameroon",84394
655,Marketing Analyst,"Jones, Perez and Rogers","South Savannahburgh, Indonesia",141031
656,Network Engineer,Ellis Group,"Phillipsfurt, Kiribati",146217
657,System Administrator,Berger-Hernandez,"Port Hannah, Poland",148649
658,Embedded Engineer,Trevino-Vaughn,"South Sharonbury, Samoa",130620
659,Embedded Engineer,Nelson Inc,"Port Brandy, Anguilla",177380
660,AI Engineer,"Woods, Doyle and Rivera","New Kelly, Australia",156095
661,Software Engineer,"Perkins, Green and Turner","South Shanemouth, Saint Lucia",99088
662,Network Engineer,"Yang, Howard and Miller","Amyhaven, Peru",147527
663,Data Analyst,Harris-Santiago,"Fergusonland, Saudi Arabia",120514
664,Mechanical Engineer,Glenn Ltd,"Harveyfurt, Christmas Island",123024
665,Research Assistant,Lindsey Inc,"East Michaelmouth, Slovenia",64721
666,Network Engineer,Smith Ltd,"Jamesside, Bangladesh",95977
667,Business Analyst,"Nichols, Hanson and Martinez","Mcgeefurt, United States Minor Outlying Islands",135214
668,Data Scientist,Stafford-Bullock,"Brownshire, Pakistan",148898
669,DevOps Engineer,Anderson-Anderson,"South Kevinport, Gibraltar",137371
670,Mechanical Engineer,"Small, Adams and Thompson","Nicholasfort, Vanuatu",139404
671,Cloud Architect,Patel LLC,"Port Nathan, Angola",168338
672,Database Administrator,Taylor-Perez,"Huertaton, Netherlands",117424
673,Business Analyst,"Klein, Raymond and Scott","Lindamouth, Malawi",109665
674,Data Analyst,Martin Group,"Diazton, Mexico",100944
675,Cloud Architect,Bryant PLC,"South Jennifer, South Georgia and the South Sandwich Islands",81085
676,Data Analyst,"Richard, Smith and Rodriguez","North Dennisside, Guernsey",163268
677,Electrical Engineer,"Farrell, Sanchez and Ford","Javierland, Kiribati",154388
678,Electrical Engineer,Cervantes-Taylor,"South Kimberly, Brunei Darussalam",143187
679,UX Designer,"Ross, Valdez and Glenn","South Jeffreymouth, Madagascar",58067
680,Product Manager,Elliott Ltd,"Cherylside, Yemen",95344
681,AI Engineer,Montes-Shepard,"Port Lorifort, Jordan",111937
682,Product Manager,Scott and Sons,"New Nathanstad, Greenland",130264
683,Cloud Architect,"Allen, Burke and Wilson","New Michele, Taiwan",122715
684,Financial Analyst,"Harmon, Wilson and Oneal","New Brucemouth, Macao",46472
685,Web Developer,"Berry, Rodriguez and Weber","Mccarthychester, Brazil",75466
686,DevOps Engineer,Wright-Flynn,"Santanamouth, Japan",102000
687,Database Administrator,Holmes Group,"Richardview, Antarctica (the territory South of 60 deg S)",57445
688,AI Engineer,Patel-Ward,"Carrieburgh, Philippines",175252
689,Marketing Analyst,Knight-Porter,"West Anthony, Switzerland",179539
690,Electrical Engineer,Nguyen Ltd,"Huynhstad, Saint Barthelemy",125055
691,Embedded Engineer,Harris Ltd,"East Jon, Mauritania",171116
692,Business Analyst,Hernandez-Mcdonald,"Smithberg, Vietnam",134525
693,Database Administrator,Hahn-Weaver,"New Lindsay, Argentina",154614
694,Software Engineer,"Rasmussen, Fuller and Robinson","East Robertview, Libyan Arab Jamahiriya",131374
695,Cloud Architect,Daniels and Sons,"Lake Amberton, Yemen",163050
696,Business Analyst,Moore-Mitchell,"Amandafort, Timor-Leste",84618
697,Business Analyst,Fuller Group,"Maryland, Belarus",167103
698,Data Analyst,Smith-Lee,"South Beverly, Hungary",177314
699,Business Analyst,Martin-Hull,"South Elizabethfurt, Swaziland",95677
700,DevOps Engineer,Romero-Smith,"New Samantha, Egypt",159027
701,Financial Analyst,Carlson-Adams,"New Larryburgh, Japan",166375
702,Financial Analyst,"Dixon, Kelly and Sims","New Donnastad, Peru",99976
703,Data Analyst,Robinson Inc,"South Jessicahaven, Romania",142218
704,Cybersecurity Specialist,Gilmore-Perkins,"Tinaville, Fiji",111487
705,UX Designer,"Marshall, Henry and Ford","Port Edwin, United States Minor Outlying Islands",44163
706,Cloud Architect,"Downs, Bowman and Fisher","Medinaport, Oman",94873
707,Marketing Analyst,Valdez Inc,"Lake Linda, Jersey",100179
708,Cloud Architect,Williams-Perez,"Williammouth, Uganda",58906
709,Embedded Engineer,Farmer-Meyer,"Port Nicole, Vietnam",60936
710,Software Engineer,"Williams, Spencer and Barr","Danielsmouth, Turkey",125033
711,Product Manager,"Taylor, Smith and Brady","West Christine, Saint Martin",124326
712,UX Designer,"Baldwin, Meyer and Stein","New Taylorton, Cape Verde",126394
713,AI Engineer,Gonzales Inc,"East Donald, Saudi Arabia",64657
714,Mechanical Engineer,Wu Group,"Andrewsside, South Georgia and the South Sandwich Islands",98852
715,Network Engineer,"Powell, Gardner and Townsend","Jeremyfurt, New Zealand",121870
716,System Administrator,"Rice, Thompson and Chavez","Annaside, Mauritius",157961
717,Financial Analyst,Ferguson-Smith,"Lake Robertview, Cayman Islands",147241
718,Marketing Analyst,Smith LLC,"Andrewstad, Egypt",110254
719,UX Designer,"Haynes, Wells and Villa","Chasechester, Venezuela",140686
720,Network Engineer,Strickland-Shelton,"New Justin, Korea",57734
721,Business Analyst,Lindsey Ltd,"East Michael, Maldives",110311
722,Cloud Architect,Zhang-Smith,"Port Devintown, Christmas Island",101948
723,Data Analyst,Johns Group,"Heatherton, Bermuda",68249
724,Marketing Analyst,"Allen, Peterson and Henderson","New Nathanielstad, Anguilla",174936
725,Business Analyst,Sullivan-Li,"Jamesview, Myanmar",75384
726,Research Assistant,Suarez Inc,"Marshbury, Latvia",50994
727,Data Scientist,Barber LLC,"South Richard, Wallis and Futuna",112078
728,UX Designer,Nelson PLC,"Foxborough, Malaysia",63708
729,Electrical Engineer,Brown-Flores,"Davieshaven, Russian Federation",71419
730,DevOps Engineer,Rivera-Grimes,"Jamesview, Vanuatu",137814
731,Cloud Architect,Mcbride-Smith,"Alecton, Armenia",140895
732,System Administrator,Shelton and Sons,"West Charles, Greece",137565
733,Marketing Analyst,"Anderson, Collier and Sullivan","East Victorshire, French Guiana",170582
734,Data Scientist,"Peck, Patrick and Gomez","Port James, Malta",172807
735,Mechanical Engineer,Yoder PLC,"Duartefort, Iraq",124739
736,Product Manager,"Goodwin, Rojas and Walton","Nguyenfort, Samoa",97427
737,Database Administrator,"Smith, Acosta and Ramos","Meghanstad, Austria",123042
738,DevOps Engineer,Perez-Mayo,"Marcusland, Portugal",150790
739,Business Analyst,Freeman Ltd,"Morenoside, Bahamas",170444
740,UX Designer,Rivera-Sheppard,"Darlenetown, Solomon Islands",119689
741,Web Developer,Jones-Ramos,"Johnberg, Nauru",115903
742,System Administrator,Coleman-Hall,"Ashleyshire, Iraq",117113
743,UX Designer,"Carter, Hahn and Spencer","South Michael, Bosnia and Herzegovina",90935
744,Embedded Engineer,Lang-Lopez,"Lake Billychester, Cote d'Ivoire",119730
745,Network Engineer,"Wilson, Bradley and Waters","New Valeriefurt, Yemen",135520
746,Database Administrator,Estrada-Johnston,"Gutierrezhaven, Bangladesh",81026
747,Network Engineer,Myers LLC,"Amberland, Dominica",126936
748,Data Scientist,Obrien-Mason,"Rodriguezville, Anguilla",104516
749,Software Engineer,"Reyes, Barr and Benjamin","Paulview, Pitcairn Islands",83015
750,Network Engineer,Rogers-Sampson,"Vanessaberg, Gabon",84917
751,AI Engineer,Bell-Thomas,"Robinport, Guinea",93270
752,Research Assistant,"Booker, Leon and Boyd","East Jerryville, Austria",103849
753,Network Engineer,Taylor-Carey,"Maryburgh, Tunisia",145866
754,System Administrator,Nelson-Pope,"West Alfredburgh, Dominica",57464
755,DevOps Engineer,"Barr, Gilbert and Richardson","Lake Susanport, Eritrea",104905
756,Network Engineer,Hudson-Fisher,"West Logan, Tanzania",81117
757,Web Developer,Johnson LLC,"North Donna, Spain",132171
758,Network Engineer,"Best, Dougherty and Kaiser","Thompsonport, Canada",54506
759,Database Administrator,"Young, Smith and Wade","Port Peter, Korea",133313
760,Embedded Engineer,Gilmore LLC,"Jacksonville, Spain",101261
761,UX Designer,"Valencia, Farley and Gentry","Melaniebury, Cote d'Ivoire",159523
762,Data Analyst,Washington-Colon,"Ashleyview, Christmas Island",151784
763,Financial Analyst,Hansen Ltd,"Debrabury, Fiji",74580
764,Data Scientist,Brooks-Wilson,"Danielhaven, Bulgaria",119665
765,Database Administrator,Lane and Sons,"Thomasberg, Taiwan",60911
766,Research Assistant,"Gonzalez, Hughes and Hale","Danielschester, Netherlands",173843
767,Marketing Analyst,"Meyers, Watson and Turner","Wagnerside, Guinea-Bissau",74099
768,Mechanical Engineer,Livingston-Osborne,"Carterland, Angola",143868
769,Cybersecurity Specialist,Anderson Ltd,"West Stacyport, Tonga",52973
770,Mechanical Engineer,Wagner-Nolan,"Jefferyborough, Qatar",142390
771,UX Designer,Cruz-Gray,"East Joseph, Tonga",134506
772,System Administrator,"Montgomery, Hogan and Harrell","Duffystad, Malta",42025
773,Web Developer,Love PLC,"Lake Anitaton, Jordan",70493
774,Financial Analyst,Hernandez-Kelly,"Port Marco, Vanuatu",151733
775,Cybersecurity Specialist,Hess-Melton,"South Heather, Uzbekistan",140853
776,UX Designer,Johnson-Becker,"Port Roberttown, Poland",124794
777,Network Engineer,"Welch, Paul and Thompson","West Stephaniechester, Bhutan",84840
778,Product Manager,"Johnston, Hess and Johnson","Lake Sherryside, Afghanistan",123490
779,Data Scientist,Hampton-Spencer,"Deleonfort, South Georgia and the South Sandwich Islands",159528
780,Database Administrator,Burgess and Sons,"West Erica, Heard Island and McDonald Islands",56480
781,AI Engineer,Harris Ltd,"North John, Puerto Rico",63570
782,Financial Analyst,Matthews Inc,"East Kenneth, Austria",122420
783,Software Engineer,Garcia LLC,"Port James, Dominica",91788
784,UX Designer,"Brown, Thomas and Jackson","North Lisabury, Mexico",132888
785,Financial Analyst,Alvarez-Owens,"New Christopher, Georgia",85620
786,Software Engineer,Cochran-Jacobs,"West Christopher, Luxembourg",97843
787,Financial Analyst,Sherman Inc,"Reidstad, Malta",93249
788,UX Designer,Rivera LLC,"Port Susan, Haiti",99557
789,UX Designer,Santos and Sons,"Holtville, Micronesia",147491
790,Product Manager,Johnson-Jones,"Danielberg, Chile",79106
791,Web Developer,"Hart, Ortega and Bell","Lake Gabriella, Pakistan",77384
792,Network Engineer,Davis PLC,"Owensmouth, Heard Island and McDonald Islands",72124
793,AI Engineer,"Sims, Bennett and Christian","Mariabury, Switzerland",56224
794,Financial Analyst,"Davis, Williams and Moore","Fryefort, Tonga",128424
795,Software Engineer,"Sullivan, Bond and Armstrong","Andresview, Bermuda",142412
796,Software Engineer,"Rodriguez, Williams and Clarke","South Richard, Iraq",140305
797,Research Assistant,Martin-Sims,"Port Christopher, Samoa",161738
798,System Administrator,Horton-Howard,"West Joyceberg, Tunisia",170619
799,Research Assistant,"Butler, Nelson and Price","West Julieview, United States of America",84777
800,Marketing Analyst,"Holmes, Burke and Padilla","Christopherstad, Cook Islands",174757
801,UX Designer,Hebert-Price,"Lake Daniel, Portugal",99548
802,Cybersecurity Specialist,Gonzalez LLC,"Donaldville, Barbados",150512
803,Research Assistant,Moore LLC,"New Michaelborough, Dominican Republic",53685
804,AI Engineer,Tanner and Sons,"Mitchelltown, Hong Kong",146154
805,Web Developer,Jones-Farmer,"Port Natasha, Sweden",143574
806,UX Designer,"Martinez, Hawkins and Estes","Rosetown, Ethiopia",74875
807,Database Administrator,"Evans, Harrison and Glover","Lake Seanberg, Falkland Islands (Malvinas)",45873
808,Network Engineer,Ruiz-Jones,"Port Alvinfurt, Panama",43302
809,UX Designer,"Bond, Baker and Cruz","East Teresaport, French Guiana",169615
810,System Administrator,Manning Inc,"Choiport, Canada",71944
811,Marketing Analyst,Frazier-Lee,"Hernandeztown, Bosnia and Herzegovina",43176
812,Embedded Engineer,Holmes and Sons,"Lisaville, Vietnam",148295
813,Network Engineer,Russell LLC,"East Robert, Gabon",127787
814,Embedded Engineer,"Morgan, Collins and Newton","New Angela, Nigeria",97398
815,Cloud Architect,"Deleon, Hale and Lopez","Zacharyberg, Chile",92045
816,System Administrator,"Coleman, Robinson and Bradley","Manningchester, Belgium",53853
817,Marketing Analyst,"Olson, Owens and Walker","West Brittany, Northern Mariana Islands",56685
818,Database Administrator,Keller Ltd,"Christopherborough, Australia",170574
819,Business Analyst,Ramos PLC,"Jenniferton, Mali",137288
820,Cloud Architect,Bowers PLC,"Stanleystad, Honduras",176380
821,Cloud Architect,Woods-Cabrera,"Kevinview, Faroe Islands",169712
822,Network Engineer,"Santos, Thomas and Jimenez","South Bethfurt, Latvia",61418
823,UX Designer,Lloyd-Drake,"New Coltonbury, French Guiana",139796
824,Marketing Analyst,Ortiz-Gallegos,"Mosleyberg, Greenland",74785
825,System Administrator,Ortega-Blackburn,"Jacobport, Iran",123101
826,Financial Analyst,"Black, Murray and Hunt","Williamsmouth, Norway",89503
827,Network Engineer,Townsend-Nelson,"Watsonberg, Montserrat",160433
828,Product Manager,"Williams, Harris and Rose","Adamtown, Ghana",138075
829,Data Scientist,"Moore, Sandoval and Sanchez","Robertsfurt, Bosnia and Herzegovina",111731
830,Marketing Analyst,"Butler, Burton and Russell","West Brian, French Polynesia",84187
831,Business Analyst,"Harris, Harris and Patton","Sandyfort, Micronesia",125810
832,Financial Analyst,Martin and Sons,"West Alexisborough, France",69797
833,System Administrator,Evans PLC,"Hartside, French Polynesia",107819
834,UX Designer,David PLC,"South Amber, Cyprus",84642
835,Data Scientist,Payne PLC,"Port Daniel, Wallis and Futuna",143399
836,Data Scientist,Hill-Holder,"Shelbyview, Malawi",155888
837,Web Developer,"Day, Haney and Sanchez","Port Alexa, Grenada",118629
838,Product Manager,Walton-Ware,"Smithfort, Puerto Rico",69169
839,Software Engineer,Ellis Group,"West Tracyfort, Lao People's Democratic Republic",54154
840,Network Engineer,"Holloway, Taylor and Ochoa","Woodschester, Slovakia (Slovak Republic)",141156
841,Mechanical Engineer,Bailey Group,"Andreamouth, Niger",43652
842,Research Assistant,Walker LLC,"North Margaretstad, Netherlands Antilles",179463
843,UX Designer,Wright LLC,"West Rebecca, Cocos (Keeling) Islands",130152
844,Research Assistant,"Johnson, Mullins and Watkins","West Gabrielton, Congo",119525
845,Embedded Engineer,Williams Group,"Gomezbury, Burkina Faso",67009
846,DevOps Engineer,Gonzalez Inc,"North Robertburgh, Guernsey",173716
847,DevOps Engineer,Crosby Inc,"East Wendy, Afghanistan",175845
848,AI Engineer,"Walker, Johnson and Molina","Jessicaview, Benin",85641
849,Cybersecurity Specialist,Love Group,"Tracyville, Uzbekistan",70905
850,Marketing Analyst,"Butler, Burgess and Ramirez","Lake Misty, Indonesia",110752
851,Electrical Engineer,Ross-Aguilar,"Torresburgh, Guam",68018
852,Software Engineer,White Inc,"Lake Aaronborough, Timor-Leste",42441
853,Data Analyst,Davis LLC,"Lake Bryanstad, Brunei Darussalam",96629
854,System Administrator,Love Inc,"Kyleshire, Djibouti",128515
855,Financial Analyst,Golden-Byrd,"West Meganchester, Cuba",178574
856,Web Developer,"Rogers, Carter and Harris","Crossberg, Sierra Leone",166121
857,Business Analyst,"Powell, Evans and Nguyen","Aprilberg, Serbia",167831
858,Product Manager,"Bauer, Harper and Ortiz","New Traceyport, Japan",89180
859,Web Developer,"Bell, Morrison and Moran","Kimberlyberg, Fiji",95781
860,Web Developer,Beck Inc,"South Victor, Ecuador",153553
861,Electrical Engineer,Wood-Haynes,"Joshuaside, Djibouti",90674
862,Data Scientist,Thompson-Miller,"Davidburgh, Bahamas",44817
863,Network Engineer,Butler-Phillips,"Millerburgh, Timor-Leste",132637
864,Software Engineer,Cooke and Sons,"South Courtneymouth, Kazakhstan",117169
865,Embedded Engineer,"Tran, Johnson and Garcia","East David, Gibraltar",101665
866,Cybersecurity Specialist,Zuniga Inc,"East David, Saint Kitts and Nevis",66395
867,Mechanical Engineer,"Lewis, Campbell and Collins","East Allisonfurt, Malawi",154791
868,DevOps Engineer,Bennett-Johnson,"Hardyside, Benin",55796
869,Financial Analyst,Woodard-Watkins,"Port Jacobfurt, Turkey",143117
870,Marketing Analyst,House-Parker,"Coxhaven, Myanmar",147279
871,Data Scientist,Alvarado-Copeland,"Barreraland, Aruba",53692
872,Product Manager,"Jackson, Mitchell and Sandoval","Chadville, New Caledonia",43133
873,Mechanical Engineer,Boyd and Sons,"North Mariahport, Switzerland",42886
874,Research Assistant,Garrett-Wise,"Elizabethton, Switzerland",159423
875,Research Assistant,Lloyd Group,"West Brandon, Guinea-Bissau",89310
876,Mechanical Engineer,Evans-Jones,"Johnsonview, Netherlands Antilles",117076
877,Cloud Architect,"Powers, Davis and Roberts","Leefort, Israel",82566
878,Business Analyst,Willis Ltd,"East Nichole, French Polynesia",63732
879,System Administrator,"Harrison, Boyd and Martinez","South Ryanhaven, Kuwait",121625
880,DevOps Engineer,"West, Maldonado and Peterson","Deborahchester, Liberia",112013
881,Business Analyst,Johns-Henry,"North Jasonside, Nepal",177498
882,Business Analyst,"Murray, Brewer and Flores","South Joseph, Barbados",158807
883,Financial Analyst,Walker-Wilson,"North Christinaborough, Morocco",174315
884,System Administrator,"Hayes, Patel and Nguyen","New Dannymouth, Central African Republic",175849
885,Data Analyst,"Johnson, Stanley and Morse","Gardnerside, Northern Mariana Islands",167113
886,Database Administrator,"Rodriguez, Ramsey and Peterson","Michaelbury, Netherlands Antilles",149240
887,Database Administrator,Oneill-Rangel,"Deborahchester, Mayotte",85430
888,Cybersecurity Specialist,Wright Ltd,"Lake Joeshire, Peru",164492
889,Cybersecurity Specialist,Taylor PLC,"Davidsonhaven, Kenya",74085
890,Cybersecurity Specialist,Brown PLC,"Christopherburgh, Kazakhstan",44414
891,Web Developer,"Wolf, Huynh and Chavez","North Calebberg, Tanzania",66069
892,Electrical Engineer,Wilson Group,"Jaredton, Guadeloupe",139751
893,Research Assistant,"Hull, Hughes and Robbins","Grayview, Martinique",174631
894,Data Scientist,Lawrence-Huffman,"West Brandiborough, Albania",87439
895,Electrical Engineer,Garcia Group,"Port Teresa, Tunisia",61142
896,Research Assistant,"Griffin, Thomas and Gutierrez","East Nicole, Portugal",82979
897,Network Engineer,Young-Moody,"Tiffanyside, Sierra Leone",109870
898,Embedded Engineer,Roberson-Summers,"Carneyton, Equatorial Guinea",154583
899,AI Engineer,Mayo-Page,"Port Maria, Antigua and Barbuda",76344
900,Cloud Architect,"Davis, Mills and Zuniga","New Michael, Antigua and Barbuda",170667
901,Software Engineer,Carpenter PLC,"Jacquelineshire, Liechtenstein",123533
902,Business Analyst,"Potter, Haney and King","Darrenshire, French Southern Territories",178932
903,Product Manager,Hernandez-Alexander,"North Patricia, Papua New Guinea",158070
904,UX Designer,Vasquez Group,"Kimside, Senegal",73392
905,UX Designer,"Williams, Rodriguez and James","Brendanbury, Hong Kong",70221
906,Database Administrator,Rodgers-Reeves,"West Timothy, Guatemala",41976
907,System Administrator,"Lamb, Perry and Miller","Lozanoton, Armenia",66725
908,DevOps Engineer,Wolfe-Fox,"Andrewmouth, Maldives",140485
909,Product Manager,"Green, Castillo and George","South Jessica, Cuba",49532
910,AI Engineer,Beard-Davis,"South Lisaberg, Saint Helena",70416
911,Cloud Architect,Walker PLC,"New Brian, Cuba",175669
912,DevOps Engineer,"Cobb, Wheeler and Edwards","Aliciaside, Paraguay",128552
913,Business Analyst,Fisher and Sons,"East Robertville, Tokelau",177413
914,Cybersecurity Specialist,Jones-Lewis,"North Courtneyside, Kuwait",120050
915,Financial Analyst,"Fernandez, Hines and Mooney","North Jacob, Iraq",156894
916,Database Administrator,Rosario-Williams,"Grahamview, Azerbaijan",106785
917,Database Administrator,"Walton, Wilson and Myers","South Steven, Panama",86203
918,Mechanical Engineer,Lopez-Ross,"Clayhaven, Congo",130048
919,System Administrator,"Hodges, Ashley and Howard","Jonathanfort, Lesotho",97306
920,Web Developer,Wilson Ltd,"North William, Panama",131267
921,Data Analyst,Jensen PLC,"New Carolineton, Niue",50367
922,Embedded Engineer,Murillo Group,"North Daniel, Niger",161911
923,Product Manager,Green-Rose,"West Michael, El Salvador",135891
924,Business Analyst,Ford PLC,"East Donna, Philippines",122198
925,Network Engineer,"Butler, Mendez and Salazar","South Destinytown, Armenia",136123
926,Software Engineer,Myers PLC,"South Kelliside, Martinique",173093
927,Mechanical Engineer,"Russell, Webster and Kirk","North Catherineton, Namibia",84050
928,Mechanical Engineer,Thompson-Jackson,"Grantborough, Guyana",106351
929,Marketing Analyst,Hardy-Sanchez,"West Rachel, Netherlands Antilles",102927
930,Software Engineer,"Moore, Dickerson and Garza","Kennethshire, Falkland Islands (Malvinas)",156219
931,Network Engineer,Serrano-Gonzales,"Port Jackie, Northern Mariana Islands",58457
932,Cloud Architect,Garner-Mcintyre,"Melvinmouth, Sudan",83373
933,Data Scientist,Middleton and Sons,"Jenniferton, Guinea-Bissau",58784
934,Cybersecurity Specialist,Villa-Ward,"Carolton, Guinea-Bissau",86114
935,Financial Analyst,"Jones, Navarro and Miles","Andrewstad, Korea",121467
936,UX Designer,Wilson-Ibarra,"East Brenda, Barbados",87927
937,System Administrator,"Stout, Miller and Fowler","Torreschester, Central African Republic",147012
938,Embedded Engineer,Johnson Group,"East Paigefurt, Vietnam",49752
939,DevOps Engineer,Flores-Delacruz,"Sarafort, Togo",72456
940,Data Analyst,"Rivers, Tucker and Walters","Lake Marcuschester, United States Virgin Islands",53363
941,Cloud Architect,Hampton-Garcia,"Port Williamberg, Korea",155428
942,Data Scientist,West and Sons,"Shannonchester, Gabon",87708
943,Data Analyst,Mendoza LLC,"Rachelshire, Cook Islands",68956
944,DevOps Engineer,Davis-Mccormick,"Robinville, Falkland Islands (Malvinas)",68994
945,Cybersecurity Specialist,Lee Group,"New Cesar, Taiwan",86056
946,Mechanical Engineer,Taylor-Massey,"South Crystalside, Gabon",173774
947,Financial Analyst,Walker PLC,"Herrerafort, San Marino",167604
948,Cybersecurity Specialist,Reynolds-Jordan,"Angelaberg, Bahrain",99482
949,Product Manager,Williams-Thompson,"Jasonshire, Lesotho",163167
950,Cloud Architect,Williams-Hoffman,"Mooretown, Zambia",151858
951,Cybersecurity Specialist,Davidson PLC,"Port Christinatown, Bangladesh",160982
952,Database Administrator,Thompson Ltd,"Shieldsmouth, Seychelles",154042
953,Web Developer,"Wright, James and Taylor","Ashleyberg, United States Minor Outlying Islands",165012
954,Software Engineer,Wells Ltd,"Robertsmouth, Philippines",153830
955,DevOps Engineer,Williams LLC,"Santosside, South Georgia and the South Sandwich Islands",69500
956,Electrical Engineer,"Williams, Thompson and Shaw","Harriston, Chad",105658
957,Data Analyst,"Johnston, Andrews and Baker","Lake Jenniferchester, Bosnia and Herzegovina",174733
958,Cloud Architect,Hale LLC,"North Robert, Estonia",72651
959,Web Developer,Jacobs-Gonzalez,"West Alyssa, Malawi",49956
960,Marketing Analyst,Brown Group,"Tuckerburgh, Grenada",150546
961,Electrical Engineer,Smith and Sons,"East Stevenport, Liechtenstein",43938
962,Web Developer,Gonzales Ltd,"Garcialand, Portugal",90197
963,Cybersecurity Specialist,James Ltd,"Rogersview, Palestinian Territory",80175
964,UX Designer,Jones and Sons,"Saraville, Azerbaijan",131059
965,Electrical Engineer,Owens LLC,"Harrisside, Brazil",160195
966,UX Designer,"Marsh, Thompson and Schultz","New Timothy, Jersey",115626
967,System Administrator,Warner-Gordon,"Port Brianberg, Myanmar",72575
968,Embedded Engineer,Oneill-Drake,"Andersonborough, Korea",155578
969,Electrical Engineer,Conley-Harris,"West Amyberg, Kuwait",51503
970,AI Engineer,"Meyer, Hardy and Holland","South Markmouth, Belize",59439
971,UX Designer,Cross PLC,"Rodrigueztown, Mauritania",170231
972,Mechanical Engineer,Ray-Griffin,"Millerfort, Libyan Arab Jamahiriya",166729
973,Web Developer,"Gates, Webster and Gould","South Nicholas, Cocos (Keeling) Islands",126681
974,Data Scientist,Mcdonald and Sons,"South Paul, Albania",124222
975,Marketing Analyst,Parker-Walker,"Oliviaside, Korea",113720
976,Web Developer,Allen-Harris,"Gomezfort, Senegal",157744
977,Data Scientist,Jones Inc,"Johnsonville, Burkina Faso",104757
978,Data Scientist,Parker-Bailey,"Orozcobury, Pitcairn Islands",124583
979,Data Scientist,Fox-Beard,"East Josephtown, Liechtenstein",96683
980,Electrical Engineer,Greene-Williams,"East Eileenshire, Turks and Caicos Islands",95390
981,System Administrator,"Weaver, Luna and Carroll","New Renee, North Macedonia",40224
982,Mechanical Engineer,Taylor-Williams,"Lake Garrett, Nicaragua",67654
983,DevOps Engineer,Jones-Taylor,"Smithshire, Netherlands",96432
984,Cybersecurity Specialist,"Osborne, Flynn and Lewis","South Christopher, Ecuador",73812
985,Web Developer,Raymond-White,"Turnerstad, Ethiopia",103260
986,AI Engineer,Weaver-Campos,"Lake Jeremy, Sudan",167216
987,Marketing Analyst,Wang LLC,"North Michaelstad, Svalbard & Jan Mayen Islands",73477
988,System Administrator,Rojas-Diaz,"Mooretown, Holy See (Vatican City State)",60391
989,AI Engineer,Cummings Group,"Millertown, Belarus",60542
990,Embedded Engineer,Hernandez Group,"Port Rodneyfort, Oman",154488
991,Data Analyst,Tucker LLC,"South Brandon, El Salvador",154425
992,Financial Analyst,Ritter-Mitchell,"Lisamouth, Congo",58092
993,Product Manager,Bentley-Landry,"Biancaport, Western Sahara",46366
994,AI Engineer,"Moore, Lopez and Green","Bensonberg, Moldova",97571
995,Electrical Engineer,Howard-Robbins,"Johnfort, Korea",91251
996,AI Engineer,"Smith, Wiley and Romero","Gravesfurt, Burkina Faso",115146
997,Network Engineer,"Anderson, Smith and Thomas","Khanville, Malaysia",116780
998,UX Designer,"Blanchard, Day and Reynolds","West Ann, Canada",44150
999,Cybersecurity Specialist,Dean-Ross,"North Theresaton, Jamaica",159991
1000,Data Analyst,"Clark, Manning and Kelly","Jenkinsland, Uganda",137951
